id,first_name,last_name,email,gender,ip_address,animal,car,random
1,Patrice,Rosson,prosson0@artisteer.com,Male,96.63.232.230,Red-legged pademelon,Accord,
2,Florentia,Andress,fandress1@shareasale.com,Female,223.3.224.191,Giant girdled lizard,Xtra,
3,Abagael,Hancox,ahancox2@usda.gov,Female,215.104.253.238,Black-tailed prairie dog,Accord,
4,Windham,Ioselevich,wioselevich3@state.gov,Male,164.222.151.192,Common brushtail possum,Taurus,
5,Vinita,Ashburne,vashburne4@1688.com,Female,247.111.180.157,Eastern indigo snake,MR2,
6,Alfreda,Maylott,amaylott5@hhs.gov,Female,114.174.91.140,Argalis,Passat,
7,Elfreda,Scarrott,escarrott6@netvibes.com,Female,72.135.62.235,Violet-crested turaco,Prizm,
8,Bab,Hehir,bhehir7@usa.gov,Female,40.183.217.56,Black-collared barbet,xB,
9,Madge,Romanski,mromanski8@tripadvisor.com,Female,243.132.166.16,"Heron, grey",Grand Prix,
10,Maggie,Dinkin,mdinkin9@meetup.com,Female,53.0.8.49,Greater rhea,CR-Z,
11,Brade,Dietzler,bdietzlera@statcounter.com,Male,31.156.219.189,"Booby, masked",Sonata,
12,Maximilian,Boffin,mboffinb@springer.com,Male,112.121.119.210,White rhinoceros,Murano,
13,Karmen,Ivetts,kivettsc@vk.com,Female,201.114.16.156,Flightless cormorant,Sterling,
14,Dianne,Bowcher,dbowcherd@reverbnation.com,Female,4.27.134.214,"Cormorant, great",Challenger,
15,Benedick,Sawtell,bsawtelle@springer.com,Male,92.58.136.131,Gray heron,Ram Van 2500,
16,Harri,Risbrough,hrisbroughf@sakura.ne.jp,Female,247.95.22.210,Grison,Z3,
17,Erik,Rockhall,erockhallg@google.co.uk,Male,187.103.170.251,"Cormorant, little",SC,
18,Boonie,McVeighty,bmcveightyh@bbc.co.uk,Male,169.195.188.31,"Heron, goliath",Z3,
19,Alisha,St. Queintain,astqueintaini@mysql.com,Female,66.233.231.169,"Stork, black-necked",Sable,
20,Lorette,Mattaser,lmattaserj@google.com.br,Female,203.139.144.62,Palm squirrel,Rabbit,
21,Cookie,Sybe,csybek@unesco.org,Female,151.193.67.60,Mallard,Expedition,
22,Anne,Plewman,aplewmanl@dmoz.org,Female,248.218.148.159,"Boa, malagasy ground",Tracer,
23,Alejandrina,Hurtado,ahurtadom@buzzfeed.com,Female,242.97.174.77,Green-winged trumpeter,Avalon,
24,Thornie,Tither,ttithern@sphinn.com,,64.62.217.49,Common dolphin,Seville,
25,Jillana,Mathonnet,jmathonneto@xing.com,Female,104.200.137.51,Indian giant squirrel,DeVille,
26,Rebekah,Choak,rchoakp@cpanel.net,Female,61.131.210.83,Amazon parrot (unidentified),Discovery,
27,Rosanna,Strangward,rstrangwardq@cornell.edu,Female,170.116.98.174,African buffalo,550,
28,Nat,Douse,ndouser@auda.org.au,Female,165.159.10.213,"Rat, white-faced tree",CX-7,
29,Armando,Burnep,aburneps@ameblo.jp,Male,210.0.47.72,"Fox, arctic",Monterey,
30,Cissy,Drayton,cdraytont@51.la,Female,211.81.136.78,"Dragon, frilled",Expedition,
31,Mildrid,Rosle,mrosleu@cam.ac.uk,Female,19.195.16.173,"Lion, southern sea",TT,
32,Marita,Ovid,movidv@t-online.de,Female,120.153.31.57,"Lizard, mexican beaded",Tracker,
33,Kirbee,Dickons,kdickonsw@uiuc.edu,Female,7.26.236.126,"Wallaby, red-necked",Colorado,
34,Tabbi,Grog,tgrogx@reverbnation.com,Female,23.239.47.82,Desert kangaroo rat,Breeze,
35,Bamby,Sauvage,bsauvagey@va.gov,Female,127.41.178.189,Indian leopard,Tahoe,
36,Rustin,Rubinfajn,rrubinfajnz@domainmarket.com,Male,128.143.77.60,Salmon pink bird eater tarantula,Continental Super,
37,Nicol,Barkhouse,nbarkhouse10@hostgator.com,Female,157.22.179.254,Stick insect,Camry Hybrid,
38,Lemar,Nuemann,lnuemann11@apple.com,Male,138.124.85.201,Woylie,Alero,
39,Roobbie,Branni,rbranni12@hhs.gov,Female,188.204.70.131,African wild dog,Hombre,
40,Kaylyn,Frissell,kfrissell13@reference.com,Female,226.42.107.70,Western bearded dragon,Camaro,
41,Sherwin,Guilliland,sguilliland14@dropbox.com,Male,113.139.43.217,Agile wallaby,XC70,
42,Dee dee,Bartocci,dbartocci15@wisc.edu,Female,27.146.118.87,"Waterbuck, defassa",Malibu,
43,Margalit,Hortop,mhortop16@bing.com,Female,170.94.248.92,"Shelduck, common",A6,
44,Dari,Maruska,dmaruska17@shareasale.com,Female,77.145.59.201,"Cardinal, red-capped",Durango,
45,Isadora,Merill,imerill18@dedecms.com,Female,207.101.140.132,"Penguin, galapagos",Rabbit,
46,Brear,Comi,bcomi19@latimes.com,Female,5.190.46.201,Musk ox,Town Car,
47,Fonz,Lundie,flundie1a@woothemes.com,Male,172.37.208.37,"Insect, stick",323,
48,Norbert,Dougherty,ndougherty1b@simplemachines.org,Male,54.35.167.78,Chital,tC,
49,Erskine,Brasseur,ebrasseur1c@163.com,Male,41.69.210.58,River wallaby,Azera,
50,Arlan,Sodory,asodory1d@studiopress.com,Male,160.136.171.138,"Lion, galapagos sea",E-Series,
51,Othilia,Bruyntjes,obruyntjes1e@boston.com,Female,166.30.52.9,White-browed sparrow weaver,Tacoma,
52,Harland,Enns,henns1f@woothemes.com,Male,80.243.212.92,Red-necked phalarope,Vantage,
53,Natalya,Riste,nriste1g@vk.com,Female,205.169.162.72,Galapagos mockingbird,Truck,
54,Arnoldo,Allner,aallner1h@storify.com,Male,151.144.83.193,"Squirrel, red",X5,
55,Shirleen,Gouck,sgouck1i@accuweather.com,Female,17.230.135.171,Savannah deer,Contour,
56,Lucienne,Boston,lboston1j@ft.com,Female,38.100.103.194,Green vine snake,Express 1500,
57,Genny,Went,gwent1k@cafepress.com,Female,69.131.163.185,Arctic lemming,Ram 50,
58,Erica,Lockey,elockey1l@google.it,Female,48.208.236.79,Barking gecko,Daewoo Lacetti,
59,Lonnard,Kiernan,lkiernan1m@cbslocal.com,Male,203.56.42.231,"Meerkat, red",PT Cruiser,
60,Brannon,Wildor,bwildor1n@paypal.com,Male,132.45.240.165,Indian leopard,1500 Club Coupe,
61,Toddy,Mattiato,tmattiato1o@admin.ch,Male,174.169.94.223,"Monkey, black spider",Bravada,
62,Dee dee,Price,dprice1p@desdev.cn,Female,56.26.200.116,"Bee-eater, carmine",Silverado,
63,Celisse,Haddleston,chaddleston1q@tuttocitta.it,Female,111.243.0.214,Red-tailed hawk,RAV4,
64,Fraze,Uman,fuman1r@merriam-webster.com,Male,141.27.139.140,Mocking cliffchat,Sonata,
65,Tallulah,Tenaunt,ttenaunt1s@sciencedirect.com,Female,222.144.217.175,"Shelduck, european",Rendezvous,
66,Haskell,Minchella,hminchella1t@barnesandnoble.com,Male,253.220.49.154,Python (unidentified),Charger,
67,Berna,Braunton,bbraunton1u@bloglines.com,Female,23.67.140.2,Butterfly (unidentified),Xtra,
68,Zarla,Withams,zwithams1v@state.tx.us,Female,93.81.45.66,Bottle-nose dolphin,X3,
69,Karlene,Jacquemot,kjacquemot1w@mail.ru,Female,201.234.170.79,Ant (unidentified),rio,
70,Benedetto,Huckerbe,bhuckerbe1x@forbes.com,Male,12.137.142.145,Asian foreset tortoise,Seville,
71,Halie,Doerrling,hdoerrling1y@foxnews.com,Female,73.24.72.253,Chimpanzee,2500,
72,Conney,Hartfleet,chartfleet1z@vinaora.com,Male,211.151.213.143,Black-tailed tree creeper,Wrangler,
73,Claudianus,Sedger,csedger20@live.com,Male,68.75.146.44,Herring gull,Sequoia,
74,Kevin,Easbie,keasbie21@is.gd,Male,87.230.174.131,Mexican wolf,RAV4,
75,Fayth,Gaspero,fgaspero22@weibo.com,Female,129.96.132.50,Pied kingfisher,ES,
76,Cherrita,Weathers,cweathers23@amazon.co.uk,Female,30.5.161.60,"Fox, north american red",M-Class,
77,Keely,Andrewartha,kandrewartha24@oaic.gov.au,Female,101.60.209.247,Red hartebeest,Sportage,
78,Cristie,Hambridge,chambridge25@123-reg.co.uk,Female,9.124.20.119,"Monitor, water",Sparrow,
79,Keith,Brokenbrow,kbrokenbrow26@princeton.edu,Male,108.154.204.5,Rhesus monkey,Windstar,
80,Kikelia,Orrell,korrell27@guardian.co.uk,Female,21.127.189.225,"Dove, emerald-spotted wood",Yukon,
81,Shea,Adlam,sadlam28@devhub.com,Male,78.253.191.144,White-browed sparrow weaver,RL,
82,Talbot,Garraway,tgarraway29@wix.com,Male,208.106.6.59,Blue-faced booby,Aurora,
83,Lockwood,Marden,lmarden2a@hc360.com,Male,27.95.18.33,Desert tortoise,Jetta,
84,Angie,Domerque,adomerque2b@tinyurl.com,Female,250.85.177.74,Common mynah,LHS,
85,Kaleena,Loker,kloker2c@newyorker.com,Female,101.244.11.234,Vervet monkey,RX,
86,Martie,Euesden,meuesden2d@ifeng.com,Female,169.120.195.55,"Wolf, timber",Blazer,
87,Normie,McNalley,nmcnalley2e@wikipedia.org,Male,47.29.103.218,"Hen, sage",Genesis Coupe,
88,Emilie,Swin,eswin2f@forbes.com,Female,219.90.129.102,Oriental short-clawed otter,Firebird,
89,Duffie,Hanhardt,dhanhardt2g@seesaa.net,Male,9.245.174.34,Giant heron,RX-7,
90,Darrel,Chappel,dchappel2h@google.com.br,Male,106.52.23.214,"Heron, goliath",Savana,
91,Charita,Ullock,cullock2i@walmart.com,Female,3.88.183.228,South African hedgehog,Celica,
92,Fairlie,Soughton,fsoughton2j@plala.or.jp,Male,230.144.60.85,Yellow-rumped siskin,Navigator,
93,Trevar,Islip,tislip2k@wikispaces.com,Male,120.151.184.193,Gelada baboon,M,
94,Amitie,Bruins,abruins2l@github.io,Female,32.120.204.212,American Virginia opossum,Grand Caravan,
95,Holli,Bourhill,hbourhill2m@buzzfeed.com,Female,81.54.33.147,Gray rhea,Cooper Clubman,
96,Henri,Birtle,hbirtle2n@walmart.com,Male,36.212.141.31,"Fox, bat-eared",Challenger,
97,Thoma,O'Donohue,todonohue2o@cnet.com,Male,77.152.148.45,"Pintail, bahama",S5,
98,Oliy,Kall,okall2p@fema.gov,Female,125.131.123.35,American beaver,Achieva,
99,Susanna,Robarts,srobarts2q@tinypic.com,Female,199.77.247.71,Paddy heron (unidentified),Firefly,
100,Keane,Gloster,kgloster2r@networksolutions.com,Male,107.104.201.225,"Mongoose, small indian",S-Class,
101,Elbertina,Linsey,elinsey2s@indiatimes.com,Female,157.99.169.145,"Ringtail, common",SL-Class,
102,Merrili,Yearron,myearron2t@infoseek.co.jp,Female,182.126.91.144,American woodcock,Silverado 1500,
103,Alonzo,Khristoforov,akhristoforov2u@apple.com,Male,9.97.246.254,"Dog, black-tailed prairie",CLS-Class,
104,Leonelle,Hainey`,lhainey2v@barnesandnoble.com,Female,102.78.126.118,"Wallaby, tammar",Aerio,
105,Kanya,Incogna,kincogna2w@youku.com,Female,95.17.10.87,"Gazelle, thomson's",X-90,
106,Jim,Janczyk,jjanczyk2x@mac.com,Male,116.69.154.83,South American meadowlark (unidentified),200,
107,Yorker,Whitehouse,ywhitehouse2y@sina.com.cn,Male,133.16.153.198,"Penguin, little blue",SC,
108,Sallyann,Clandillon,sclandillon2z@elegantthemes.com,Female,219.56.27.85,Grey-footed squirrel,Yukon XL 1500,
109,Burke,Potier,bpotier30@nydailynews.com,Male,78.60.180.148,"Vulture, griffon",Escalade,
110,Kissie,Doley,kdoley31@bbc.co.uk,Female,87.96.171.10,Egyptian viper,Elantra,
111,Brianna,Kalb,bkalb32@ask.com,Female,195.135.229.179,Western patch-nosed snake,M,
112,Lilllie,McSpirron,lmcspirron33@alexa.com,Female,198.68.33.206,Red-capped cardinal,4000CS Quattro,
113,Marice,Kinrade,mkinrade34@twitter.com,,101.228.10.193,"Wallaby, dama",E-Class,
114,Lorie,Biner,lbiner35@scientificamerican.com,Female,64.207.212.232,Small-spotted genet,200,
115,Buiron,Gallard,bgallard36@bbb.org,,60.196.144.214,Fringe-eared oryx,Quattroporte,
116,Livvie,Spiteri,lspiteri37@senate.gov,Female,63.244.125.130,Brindled gnu,Silverado 2500,
117,Layne,Gloster,lgloster38@oakley.com,Female,112.103.238.164,"Capuchin, black-capped",Countach,
118,Ravid,Bartelet,rbartelet39@delicious.com,Male,254.13.232.34,"Snake, carpet",G35,
119,Dido,Kellard,dkellard3a@myspace.com,Female,165.254.157.63,Paradoxure,350Z,
120,Noemi,Leagas,nleagas3b@bbb.org,Female,139.191.17.164,"Macaw, red and blue",VUE,
121,Brena,Isted,bisted3c@wp.com,Female,157.80.12.163,Giraffe,Citation,
122,Ines,Tarbet,itarbet3d@google.com.au,Female,217.152.228.28,"Stilt, black-winged",Taurus,
123,Bettye,Grisard,bgrisard3e@hhs.gov,Female,27.160.50.54,"Legaan, ground",Sorento,
124,Lorrie,Shrieve,lshrieve3f@ftc.gov,Male,138.144.217.15,"Armadillo, common long-nosed",Fifth Ave,
125,Keir,Roots,kroots3g@cmu.edu,Male,121.36.182.17,"Swan, black",Ram 3500,
126,Nikolaos,Ruggen,nruggen3h@ihg.com,Male,181.150.165.84,Western lowland gorilla,MKS,
127,Nathaniel,Vern,nvern3i@timesonline.co.uk,Male,41.101.85.159,Malabar squirrel,Sonata,
128,Brook,Halshaw,bhalshaw3j@eventbrite.com,Female,233.146.168.144,Openbill stork,Transit Connect,
129,Wilburt,Dundon,wdundon3k@edublogs.org,Male,30.143.207.63,Northern fur seal,Impreza,
130,Aline,Gellert,agellert3l@amazon.com,Female,67.212.123.50,White-throated monitor,57,
131,Marissa,Cheshire,mcheshire3m@amazonaws.com,Female,20.225.247.188,Brush-tailed bettong,Continental,
132,Darrick,Otton,dotton3n@twitter.com,Male,206.219.56.36,Gaur,Cayman,
133,Drusie,Hunton,dhunton3o@ocn.ne.jp,Female,192.218.167.210,Common rhea,Mustang,
134,Puff,Flippini,pflippini3p@sitemeter.com,Male,221.26.7.62,"Booby, masked",Forester,
135,Barth,Simo,bsimo3q@guardian.co.uk,Male,250.224.192.238,Euro wallaby,TundraMax,
136,Philip,Brugmann,pbrugmann3r@taobao.com,Male,102.169.117.160,Kafue flats lechwe,626,
137,Anne-marie,Gowdie,agowdie3s@hostgator.com,Female,241.100.121.127,American Virginia opossum,Tacoma,
138,Adriano,Darcy,adarcy3t@nhs.uk,Male,110.211.235.191,Common eland,S10,
139,Aubrette,Jakoubek,ajakoubek3u@noaa.gov,Female,154.127.69.104,"Possum, western pygmy",XJ Series,
140,Dicky,Nowakowski,dnowakowski3v@toplist.cz,Male,83.225.67.96,"Squirrel, european red",Eurovan,
141,Pepi,Beeston,pbeeston3w@homestead.com,Female,217.218.80.39,North American porcupine,Sidekick,
142,Jephthah,Hanbridge,jhanbridge3x@prlog.org,Male,242.9.49.54,Yellow mongoose,SL-Class,
143,Kessia,Miguet,kmiguet3y@vistaprint.com,Female,206.64.153.118,"Kingfisher, malachite",2500,
144,Miner,Knell,mknell3z@oracle.com,Male,24.189.157.77,House sparrow,Eldorado,
145,Kin,Heed,kheed40@biblegateway.com,Male,208.176.43.0,Palm squirrel,B-Series Plus,
146,Emlynne,Pischel,epischel41@cocolog-nifty.com,Female,253.126.39.25,Crowned hawk-eagle,Bronco II,
147,Ogdan,Walburn,owalburn42@xing.com,Male,111.240.144.36,Galapagos albatross,Quattroporte,
148,Starr,Tulk,stulk43@1und1.de,Female,129.151.11.211,"Baboon, savanna",Accent,
149,Murdock,Quinnelly,mquinnelly44@elpais.com,Male,20.117.211.164,"Gazelle, grant's",Savana 2500,
150,Nicole,Evill,nevill45@printfriendly.com,Female,60.147.120.79,Blue and gold macaw,XF,
151,Dina,Glander,dglander46@seattletimes.com,Female,41.125.148.155,Feathertail glider,Golf,
152,Thain,Dominelli,tdominelli47@gnu.org,Male,208.3.153.59,Black-crowned crane,Legacy,
153,Happy,Ganniclifft,hganniclifft48@irs.gov,Female,69.85.62.48,"Crake, african black",GTO,
154,Isidore,Pumphrey,ipumphrey49@ebay.com,Male,42.166.9.178,Hummingbird (unidentified),Econoline E250,
155,Prudi,Threadgold,pthreadgold4a@yandex.ru,Female,94.126.101.32,"Cat, european wild",S8,
156,Rachael,Poppleston,rpoppleston4b@vimeo.com,Female,220.231.244.197,"Monkey, vervet",Neon,
157,Olive,Jancey,ojancey4c@list-manage.com,Female,63.76.206.10,"Marmot, yellow-bellied",E350,
158,Yehudi,Stallybrass,ystallybrass4d@naver.com,Male,64.25.85.141,Indian peacock,626,
159,Johnnie,Gaythorpe,jgaythorpe4e@ovh.net,Male,133.41.233.19,Goanna lizard,Suburban 1500,
160,Zacharia,Mettetal,zmettetal4f@hugedomains.com,Male,109.211.89.49,"Flamingo, lesser",Pathfinder,
161,Sarina,de Quesne,sdequesne4g@nba.com,Female,72.181.194.1,"Ringtail, common",Econoline E350,
162,Andriana,Weafer,aweafer4h@lulu.com,Female,72.191.21.35,Brolga crane,Forte,
163,Josephina,Maddocks,jmaddocks4i@chron.com,Female,163.96.242.114,Gerbil (unidentified),Golf,
164,Liz,Eversfield,leversfield4j@answers.com,Female,3.37.170.148,Cape wild cat,Q7,
165,Olly,Chaff,ochaff4k@oracle.com,Female,138.81.67.80,"Lapwing, southern",Sable,
166,Tessy,Kolczynski,tkolczynski4l@indiatimes.com,Female,147.152.62.188,Crested porcupine,CL-Class,
167,Wheeler,Shelmerdine,wshelmerdine4m@accuweather.com,Male,24.110.64.180,African red-eyed bulbul,XC70,
168,Tomi,Cess,tcess4n@desdev.cn,,14.26.197.76,Indian porcupine,Biturbo,
169,Gladi,Cowlin,gcowlin4o@amazon.co.jp,Female,233.36.174.144,"Butterfly, tropical buckeye",Montero,
170,Gregor,Hurdwell,ghurdwell4p@hugedomains.com,,10.227.227.173,Euro wallaby,Fiesta,
171,Hort,Beever,hbeever4q@dropbox.com,Male,12.30.106.192,Indian peacock,S60,
172,Barri,Gleasane,bgleasane4r@google.com,Male,246.38.72.21,"Tarantula, salmon pink bird eater",3000GT,
173,Wilhelmina,Minelli,wminelli4s@usgs.gov,Female,159.241.237.217,"Gonolek, burchell's",XR4Ti,
174,Amii,Sanchis,asanchis4t@census.gov,Female,54.250.96.106,"Cockatoo, long-billed",S60,
175,Thomas,Cohrs,tcohrs4u@about.com,Male,157.177.125.55,Southern hairy-nosed wombat,Escalade EXT,
176,Ware,Loody,wloody4v@hhs.gov,Male,187.237.112.179,"Squirrel, european red",Sorento,
177,Karolina,Portlock,kportlock4w@ow.ly,Female,94.160.239.76,"Dove, laughing",Cultus,
178,Sayer,Peotz,speotz4x@ycombinator.com,Male,156.215.100.20,"Cobra, egyptian",Elantra,
179,Aurora,Jerke,ajerke4y@unicef.org,Female,106.170.48.36,Hoary marmot,MKZ,
180,Mareah,Weadick,mweadick4z@apple.com,Female,74.154.166.154,"Vulture, griffon",Q7,
181,Bronny,Toohey,btoohey50@usa.gov,Male,158.244.228.221,"Bustard, kori",Continental,
182,Inesita,Dorricott,idorricott51@liveinternet.ru,Female,66.107.235.8,Serval,Vitara,
183,Drucy,Mosson,dmosson52@furl.net,Female,134.99.52.219,Columbian rainbow boa,Town Car,
184,Lou,Jakubovitch,ljakubovitch53@dot.gov,Female,128.159.66.44,"Bird, pied butcher",G,
185,Isaiah,Hully,ihully54@boston.com,Male,145.183.142.53,Salmon pink bird eater tarantula,Skylark,
186,Justin,Humbey,jhumbey55@shop-pro.jp,Male,251.15.13.212,"Snake, eastern indigo",Passat,
187,Noby,Heasley,nheasley56@cmu.edu,Male,45.132.151.228,Vicuna,Golf,
188,Reginald,Nern,rnern57@vimeo.com,Male,165.211.137.76,Grey mouse lemur,GTO,
189,Gaby,Standing,gstanding58@stumbleupon.com,Female,255.194.136.101,Scottish highland cow,Firefly,
190,Almira,Lindenberg,alindenberg59@illinois.edu,Female,158.214.191.110,Asiatic wild ass,PT Cruiser,
191,Conni,Ion,cion5a@rediff.com,Female,112.46.254.28,"Fox, pampa gray",Montego,
192,Clerissa,Schaumann,cschaumann5b@woothemes.com,Female,133.136.82.184,"Bandicoot, long-nosed",V40,
193,Marlo,Bonhomme,mbonhomme5c@mysql.com,Male,21.238.32.234,"Duck, comb",Legacy,
194,Orland,Tichelaar,otichelaar5d@plala.or.jp,Male,143.126.126.212,Black spider monkey,Mustang,
195,Janot,Gusney,jgusney5e@gnu.org,Female,145.33.26.16,Kori bustard,E150,
196,Virgina,Worden,vworden5f@columbia.edu,Female,87.1.182.224,"Wagtail, african pied",Exige,
197,Timmy,Agney,tagney5g@nifty.com,Male,40.48.21.82,"Lion, south american sea",626,
198,Ddene,Meo,dmeo5h@jigsy.com,,150.225.125.235,Blue crane,Sunbird,
199,Pip,MacDonogh,pmacdonogh5i@addtoany.com,Male,192.204.143.204,"Tortoise, radiated",CL-Class,
200,Paige,Whopples,pwhopples5j@howstuffworks.com,Male,102.248.160.27,"Godwit, hudsonian",RX Hybrid,
201,Birch,Sperling,bsperling5k@forbes.com,Male,76.63.170.148,"Elk, Wapiti",Tiburon,
202,Ivie,Cockson,icockson5l@meetup.com,Female,181.252.54.64,"Cat, african wild",Pajero,
203,Lola,Beaves,lbeaves5m@merriam-webster.com,Female,160.32.162.163,Golden-mantled ground squirrel,E150,
204,Corrine,Norfolk,cnorfolk5n@typepad.com,Female,244.254.57.64,Arctic ground squirrel,Leone,
205,Kennie,Grishanov,kgrishanov5o@patch.com,Male,138.179.84.255,"Dog, raccoon",Tiburon,
206,Grove,Semonin,gsemonin5p@amazon.com,Male,206.105.28.134,"Mongoose, small indian",S4,
207,Elbertine,Pauls,epauls5q@cnn.com,Female,140.186.154.42,Eastern dwarf mongoose,J,
208,Dory,Innocenti,dinnocenti5r@cnbc.com,Female,45.243.76.47,Salmon pink bird eater tarantula,LX,
209,Marnie,Antram,mantram5s@springer.com,Female,28.191.66.111,"Phascogale, red-tailed",Ranger,
210,Fitz,Petrishchev,fpetrishchev5t@ucla.edu,Male,202.66.43.68,Black-crowned crane,Tacoma,
211,Vicki,Challenger,vchallenger5u@phoca.cz,Female,87.40.250.195,Nubian bee-eater,SL-Class,
212,Pete,Venes,pvenes5v@e-recht24.de,Male,47.150.135.78,"Macaw, blue and yellow",RDX,
213,Philipa,Perford,pperford5w@plala.or.jp,Female,160.217.189.101,"Beaver, american",Grand Marquis,
214,Kathe,Razoux,krazoux5x@forbes.com,Female,199.211.144.7,Musk ox,Mighty Max,
215,Godiva,Skypp,gskypp5y@dyndns.org,Female,199.100.193.21,Black and white colobus,MDX,
216,Margret,Gorman,mgorman5z@reddit.com,Female,66.93.102.172,"Civet, common palm",Safari,
217,Rosita,Gatsby,rgatsby60@microsoft.com,Female,121.127.219.161,"Starfish, crown of thorns",Tracker,
218,Demetria,Dupree,ddupree61@whitehouse.gov,Female,152.88.191.209,Goanna lizard,62,
219,Carlotta,Jagg,cjagg62@xrea.com,Female,87.90.240.223,"Lemur, grey mouse",Jetta,
220,Gan,Guiducci,gguiducci63@princeton.edu,Male,41.79.107.45,Western grey kangaroo,Venza,
221,Susie,Lesslie,slesslie64@slideshare.net,Female,243.116.18.156,Galapagos tortoise,G,
222,Tanner,Frisby,tfrisby65@sbwire.com,Male,101.86.206.157,American beaver,LeSabre,
223,Jamey,Goeff,jgoeff66@wired.com,Male,33.233.19.58,"Kudu, greater",CX-7,
224,Butch,Barwack,bbarwack67@biglobe.ne.jp,Male,226.54.3.200,House crow,Prelude,
225,Olivero,Traher,otraher68@springer.com,Male,141.96.75.154,"Frogmouth, tawny",Silhouette,
226,Christye,Kapelhof,ckapelhof69@oracle.com,Female,33.171.206.94,Swallow (unidentified),911,
227,Mersey,Blundel,mblundel6a@amazon.co.uk,Female,64.176.139.12,Snow goose,Spyder,
228,Karlik,Pryce,kpryce6b@smugmug.com,Male,89.133.247.167,"Crane, brolga",Range Rover Classic,
229,Brand,Grestye,bgrestye6c@cafepress.com,Male,183.72.16.54,"Cockatoo, sulfur-crested",Suburban 2500,
230,Madeleine,Hanney,mhanney6d@usatoday.com,Female,229.146.189.192,"Wallaby, agile",S60,
231,Rosina,Gregolotti,rgregolotti6e@hostgator.com,Female,30.165.146.113,"Pigeon, feral rock",Vitara,
232,Curtice,Beddoes,cbeddoes6f@topsy.com,Male,0.26.95.202,"Cat, african wild",F150,
233,Javier,Kondratovich,jkondratovich6g@wsj.com,Male,197.200.31.29,Cuis,Sierra 1500,
234,Hetty,Andriveau,handriveau6h@sogou.com,Female,18.107.72.213,Greylag goose,GT500,
235,Ingemar,Raynton,iraynton6i@cornell.edu,Male,96.14.199.209,Painted stork,Galant,
236,Ray,Brafferton,rbrafferton6j@icq.com,Female,50.72.215.100,White-nosed coatimundi,Regal,
237,Patrick,Simmig,psimmig6k@netvibes.com,Male,88.149.53.127,"Hartebeest, coke's",Sunfire,
238,Carissa,Gladtbach,cgladtbach6l@joomla.org,Female,103.198.240.255,"Seal, northern elephant",Pajero,
239,Mab,Ganley,mganley6m@flickr.com,Female,207.150.68.108,"Squirrel, palm",7 Series,
240,Sayers,Caswill,scaswill6n@deviantart.com,Male,46.235.159.37,Bonnet macaque,Ram 1500,
241,Claudio,Knibbs,cknibbs6o@1688.com,Male,16.221.59.162,"Lourie, grey",Dakota Club,
242,Spense,Klishin,sklishin6p@deviantart.com,Male,62.159.88.120,Purple moorhen,Town Car,
243,Nancie,Biddleston,nbiddleston6q@miitbeian.gov.cn,Female,198.29.160.6,"Snake, eastern indigo",Suburban 2500,
244,Lilas,McGoogan,lmcgoogan6r@deliciousdays.com,Female,199.5.93.83,"Bushbaby, large-eared",Town & Country,
245,Joby,Galero,jgalero6s@hp.com,Female,216.228.47.205,"Gull, kelp",Cordia,
246,Heywood,Lavelle,hlavelle6t@wix.com,Male,64.204.216.137,Brown pelican,Escalade ESV,
247,Daphne,Tretwell,dtretwell6u@webnode.com,Female,231.44.47.243,Hanuman langur,Matrix,
248,Elie,Hofton,ehofton6v@google.com.hk,Female,229.207.175.65,Chuckwalla,Express 3500,
249,Dorothy,Helm,dhelm6w@netlog.com,Female,50.90.248.82,Slender-billed cockatoo,B-Series Plus,
250,Vitoria,Kybert,vkybert6x@ucoz.ru,Female,27.85.190.171,"Shrew, mandras tree",Aerostar,
251,Cam,Chaucer,cchaucer6y@tmall.com,Male,127.103.234.134,"Goose, cape barren",Legacy,
252,Ben,Tarpey,btarpey6z@mediafire.com,,188.137.131.73,Frog (unidentified),Express 2500,
253,Gabrila,Lusk,glusk70@dagondesign.com,Female,77.30.180.232,"Deer, black-tailed",CX-7,
254,Elvina,Quakley,equakley71@youtu.be,Female,143.75.152.91,"Moorhen, purple",Diamante,
255,Kylila,Chichgar,kchichgar72@seattletimes.com,,146.112.170.206,Saddle-billed stork,Grand Voyager,
256,Morry,Gleder,mgleder73@drupal.org,Male,225.62.221.190,"Bat, asian false vampire",S4,
257,Tom,Peperell,tpeperell74@is.gd,Male,225.170.143.31,"Sheep, american bighorn",Sportage,
258,Pepito,Oldershaw,poldershaw75@instagram.com,Male,55.244.1.35,"Polecat, african",E250,
259,Poppy,Boddington,pboddington76@psu.edu,Female,51.80.76.184,"Kingfisher, malachite",Probe,
260,Gerrard,Garaghan,ggaraghan77@globo.com,Male,64.188.53.51,"Lemur, ring-tailed",MKX,
261,Howard,Pennicard,hpennicard78@bloglines.com,Male,77.172.221.94,"Partridge, coqui",RDX,
262,Elnore,Scrinage,escrinage79@accuweather.com,Female,222.114.241.250,Spectacled caiman,Outback,
263,Eb,Boyne,eboyne7a@tumblr.com,Male,4.196.136.241,Harbor seal,CX-9,
264,Kenton,Damiata,kdamiata7b@rediff.com,Male,80.74.10.143,"Langur, gray",Defender 110,
265,Perry,Kleehuhler,pkleehuhler7c@cbc.ca,Male,110.124.43.216,"Reedbuck, bohor",Skyhawk,
266,Udall,Elman,uelman7d@marketwatch.com,Male,119.194.15.50,"Cockatoo, red-breasted",Element,
267,Karna,Batrip,kbatrip7e@ifeng.com,Female,123.147.147.162,"Hornbill, red-billed",Continental Flying Spur,
268,Zack,Orleton,zorleton7f@seesaa.net,Male,90.37.212.164,"Turkey, wild",Voyager,
269,Simmonds,Stachini,sstachini7g@plala.or.jp,Male,226.121.63.251,African darter,Grand Cherokee,
270,Janith,Pippard,jpippard7h@wikipedia.org,Female,200.162.198.45,"Bison, american",Sunfire,
271,Peyter,Fullun,pfullun7i@indiatimes.com,Male,252.124.96.114,Defassa waterbuck,Discovery,
272,Udale,Tunbridge,utunbridge7j@aboutads.info,Male,7.244.127.24,"Raccoon, common",Lumina,
273,Henri,Baldwin,hbaldwin7k@hibu.com,Male,233.204.168.150,"Phalarope, red",Armada,
274,Ardelis,Bru,abru7l@4shared.com,Female,11.205.16.211,"Turkey, wild",Legacy,
275,Marguerite,Fullegar,mfullegar7m@naver.com,Female,94.76.161.71,"Buffalo, wild water",Quattroporte,
276,Viola,Cosford,vcosford7n@over-blog.com,Female,174.130.203.8,"Mongoose, small indian",Tiguan,
277,Kathe,Raw,kraw7o@delicious.com,Female,159.243.24.26,"Owl, australian masked",Accent,
278,Susan,Losel,slosel7p@independent.co.uk,Female,163.216.223.109,Common ringtail,Prizm,
279,Darcee,Northcott,dnorthcott7q@princeton.edu,Female,121.174.164.203,South American puma,Club Wagon,
280,Barrie,Todeo,btodeo7r@addtoany.com,Female,29.175.170.171,"Wallaby, tammar",Sonoma Club Coupe,
281,Shandee,Keilty,skeilty7s@weibo.com,Female,9.194.42.1,"Boa, mexican",3500,
282,Madelle,Stanhope,mstanhope7t@google.com.br,Female,177.0.197.239,"Waterbuck, common",SLK-Class,
283,Garth,Winship,gwinship7u@nhs.uk,Male,194.221.234.89,"Whale, baleen",H1,
284,Ingram,Kineton,ikineton7v@flickr.com,Male,59.241.93.46,Blue duck,Windstar,
285,Dalli,de Aguirre,ddeaguirre7w@goo.gl,Male,55.154.248.157,Green-winged macaw,Vibe,
286,Clint,Grey,cgrey7x@ftc.gov,Male,61.121.75.89,Superb starling,Caliber,
287,Shane,Kleeman,skleeman7y@stanford.edu,Male,157.6.84.83,"Jaeger, long-tailed",Grand Prix,
288,Salomone,Caldecourt,scaldecourt7z@networksolutions.com,Male,21.76.220.180,"Cat, civet",Galant,
289,Ezekiel,Lipsett,elipsett80@buzzfeed.com,Male,164.110.98.155,"Starling, superb",Suburban 2500,
290,Renell,Devon,rdevon81@house.gov,Female,248.211.198.207,White-throated monitor,Corvette,
291,Rhoda,Helder,rhelder82@people.com.cn,Female,3.233.15.79,Eurasian red squirrel,Jimmy,
292,Cherish,Mort,cmort83@blinklist.com,Female,94.19.102.208,Common palm civet,Hearse,
293,Ellsworth,MacCarter,emaccarter84@e-recht24.de,Male,118.30.178.186,Netted rock dragon,Aerio,
294,Sigismundo,Brouard,sbrouard85@ucoz.ru,Male,175.71.204.250,"Plover, three-banded",Commander,
295,Hercule,Marciskewski,hmarciskewski86@freewebs.com,Male,27.90.208.186,Egyptian viper,F350,
296,Carola,Furzey,cfurzey87@istockphoto.com,Female,63.6.164.3,"Bustard, kori",Rio,
297,Paulie,Eamer,peamer88@pinterest.com,Male,217.154.187.154,"Bear, polar",Sienna,
298,Georgia,Hawke,ghawke89@geocities.jp,Female,102.161.254.240,"Phascogale, red-tailed",Cabriolet,
299,Frankie,Niemetz,fniemetz8a@woothemes.com,Female,54.181.253.95,"Stork, greater adjutant",Jetta III,
300,Boone,Benedikt,bbenedikt8b@jimdo.com,Male,206.32.90.182,"Ibis, glossy",Miata MX-5,
301,Priscella,Perfect,pperfect8c@gnu.org,Female,77.86.49.161,Brazilian tapir,Tahoe,
302,Almeta,Haseman,ahaseman8d@cisco.com,Female,121.119.85.70,"Otter, brazilian",Skylark,
303,Ricardo,Hercules,rhercules8e@g.co,Male,199.241.170.30,Black vulture,Exige,
304,Janette,Hanshawe,jhanshawe8f@canalblog.com,Female,95.103.134.226,"Porcupine, crested",Durango,
305,Otha,Halworth,ohalworth8g@over-blog.com,Female,200.154.115.79,Vicuna,QX,
306,Gilburt,Dresser,gdresser8h@nationalgeographic.com,Male,187.222.184.6,"Cormorant, neotropic",New Yorker,
307,Tedman,Jills,tjills8i@sogou.com,Male,97.18.113.15,Columbian rainbow boa,Probe,
308,Prudi,Axten,paxten8j@uol.com.br,Female,195.108.182.49,"Vulture, white-headed",S90,
309,Gill,Woolway,gwoolway8k@dailymail.co.uk,Male,229.148.68.158,Ground legaan,Grand Marquis,
310,Nickola,Bunclark,nbunclark8l@cam.ac.uk,Male,114.85.16.35,"Sloth, hoffman's",Astro,
311,Olly,Stephens,ostephens8m@hexun.com,Female,116.147.59.208,Timber wolf,LeBaron,
312,Wally,Sneesbie,wsneesbie8n@friendfeed.com,Male,84.28.248.102,"Lion, asian",Special,
313,Wes,Gullen,wgullen8o@hibu.com,Male,249.178.231.5,"Squirrel, grey-footed",Sonata,
314,Conni,Malone,cmalone8p@ted.com,Female,186.242.64.93,Egyptian goose,M5,
315,Chico,Beedle,cbeedle8q@statcounter.com,Male,150.24.129.108,Yellow-crowned night heron,7 Series,
316,Isac,Campanelle,icampanelle8r@yolasite.com,Male,9.241.127.240,"Gull, swallow-tail",GranSport,
317,Giselle,Gianullo,ggianullo8s@mozilla.com,Female,62.62.221.132,"Sloth, two-toed",G6,
318,Carlynne,Elves,celves8t@weather.com,Female,137.47.254.161,Black-tailed deer,E-Series,
319,Hyatt,Branton,hbranton8u@ihg.com,Male,0.4.178.88,Black-throated cardinal,Sequoia,
320,Marylynne,Trewhela,mtrewhela8v@redcross.org,Female,84.33.35.78,Praying mantis (unidentified),GT500,
321,Maud,Macoun,mmacoun8w@zdnet.com,Female,37.93.86.78,"Armadillo, giant",Dakota Club,
322,Gale,Rollings,grollings8x@gravatar.com,Male,176.107.174.38,"Boa, columbian rainbow",Sprinter,
323,Thane,Kivlin,tkivlin8y@zimbio.com,Male,161.217.40.138,"Porcupine, tree",Ranger,
324,Darlleen,Albertson,dalbertson8z@diigo.com,Female,149.12.47.91,"Goose, knob-nosed",Legacy,
325,Fleur,Bradtke,fbradtke90@jigsy.com,Female,23.61.15.187,Crab (unidentified),Bonneville,
326,Danella,Bleaden,dbleaden91@about.com,,230.78.45.157,Long-nosed bandicoot,400E,
327,Kip,Bentinck,kbentinck92@harvard.edu,Male,34.37.112.132,"Woodpecker, downy",Taurus,
328,Marthena,Loughney,mloughney93@sbwire.com,Female,133.197.87.99,"Goldeneye, barrows",Silverado,
329,Orlan,Coleshill,ocoleshill94@nba.com,Male,157.178.145.19,Tarantula,3500 Club Coupe,
330,Harold,Baish,hbaish95@histats.com,Male,236.158.84.107,African fish eagle,E-Class,
331,Welby,Crandon,wcrandon96@sfgate.com,Male,16.10.227.111,"Viper, egyptian",Escalade,
332,Germain,McFade,gmcfade97@nytimes.com,Male,198.168.67.244,"Dunnart, fat-tailed",Canyon,
333,Sunny,Jendrich,sjendrich98@samsung.com,Male,43.218.240.93,"Loris, slender",New Beetle,
334,Lani,McVicker,lmcvicker99@epa.gov,Female,0.117.44.245,"Stork, woolly-necked",rio,
335,Hephzibah,MacGillespie,hmacgillespie9a@state.gov,Female,137.5.74.88,"Waterbuck, defassa",Sable,
336,Marney,Diemer,mdiemer9b@psu.edu,Female,215.15.46.255,"Openbill, asian",Range Rover,
337,Lela,Strover,lstrover9c@weather.com,Female,235.1.199.25,"Squirrel, african bush",MX-5,
338,Retha,Flint,rflint9d@nyu.edu,Female,185.87.200.112,"Stork, white",Pacifica,
339,Aube,Walstow,awalstow9e@aol.com,Male,101.112.72.86,"Francolin, coqui",CR-V,
340,Weston,Cotilard,wcotilard9f@altervista.org,Male,141.193.118.72,"Fox, cape",Grand Cherokee,
341,Harman,Adlam,hadlam9g@prlog.org,Male,240.186.208.190,Musk ox,F350,
342,Angele,Tancock,atancock9h@creativecommons.org,Female,14.43.145.129,Square-lipped rhinoceros,Land Cruiser,
343,Marigold,Willatts,mwillatts9i@msn.com,Female,225.20.69.163,"Anteater, australian spiny",G6,
344,Doralynne,Readshaw,dreadshaw9j@pbs.org,Female,202.241.38.221,Black spider monkey,Acclaim,
345,Elna,Gueinn,egueinn9k@wufoo.com,Female,3.110.60.135,Indian mynah,Ram 2500,
346,Caprice,Quinton,cquinton9l@princeton.edu,Female,26.216.234.115,American Virginia opossum,Expedition,
347,Lilith,Persehouse,lpersehouse9m@mayoclinic.com,Female,91.92.42.199,"Possum, pygmy",Savana 2500,
348,Lexie,Baraja,lbaraja9n@oaic.gov.au,Female,142.64.233.19,"Legaan, Monitor (unidentified)",Villager,
349,Kizzie,Gyrgorwicx,kgyrgorwicx9o@telegraph.co.uk,Female,234.6.238.79,"Zebra, common",960,
350,Cad,Dashwood,cdashwood9p@google.co.uk,Male,203.6.119.76,"Kookaburra, laughing",Coupe GT,
351,Abby,Hebbes,ahebbes9q@usnews.com,Female,140.33.244.39,"Hartebeest, coke's",62,
352,Tiphany,Daubeny,tdaubeny9r@google.es,Female,127.105.79.35,"Dragon, asian water",Contour,
353,Matteo,Brooke,mbrooke9s@themeforest.net,Male,130.121.15.222,Euro wallaby,Sentra,
354,Frants,Isaak,fisaak9t@china.com.cn,Male,237.177.140.16,Peregrine falcon,Gallardo,
355,Crawford,Longworthy,clongworthy9u@cam.ac.uk,Male,55.229.103.206,"Otter, brazilian",F250,
356,Rosalynd,Treadway,rtreadway9v@weibo.com,Female,137.1.18.113,Rhesus macaque,Celica,
357,Arliene,Esterbrook,aesterbrook9w@tiny.cc,Female,134.2.91.89,"Stork, greater adjutant",Roadmaster,
358,Cordy,Wakeford,cwakeford9x@wiley.com,Male,118.212.189.124,Black-footed ferret,Galant,
359,Bella,Ahrenius,bahrenius9y@ihg.com,Female,225.144.254.165,Orca,GS,
360,Julianna,McColm,jmccolm9z@nasa.gov,Female,14.219.119.90,Euro wallaby,G35,
361,Rodrick,Schaffel,rschaffela0@furl.net,Male,212.211.251.207,Glossy ibis,LR2,
362,Puff,Mellmoth,pmellmotha1@sohu.com,Male,101.83.197.164,"Sparrow, house",Range Rover Classic,
363,Zane,Robecon,zrobecona2@mit.edu,Male,29.115.93.254,"Hartebeest, coke's",Sorento,
364,Hewe,Tame,htamea3@macromedia.com,Male,211.247.156.221,White-throated kingfisher,Highlander,
365,Antonie,Schroder,aschrodera4@ihg.com,Female,227.85.12.33,"Cat, miner's",Pajero,
366,Abbie,Linke,alinkea5@chron.com,Male,176.132.13.204,Hummingbird (unidentified),F-350 Super Duty,
367,Ode,Teaz,oteaza6@edublogs.org,Male,183.119.148.244,Frilled lizard,Silverado,
368,Orella,Faldoe,ofaldoea7@weibo.com,,228.209.47.48,Mallard,Lucerne,
369,Martyn,Oxburgh,moxburgha8@cornell.edu,Male,103.224.205.46,"Legaan, Monitor (unidentified)",370Z,
370,Liz,Been,lbeena9@pagesperso-orange.fr,Female,46.84.17.176,Royal tern,Mohave/Borrego,
371,Demetrius,Cluet,dcluetaa@usa.gov,Male,217.253.133.34,"Beaver, eurasian",Jetta,
372,Stormi,Casero,scaseroab@disqus.com,Female,34.252.4.59,Southern tamandua,Integra,
373,Petra,Trodd,ptroddac@slate.com,Female,38.116.75.68,"Salmon, sockeye",Jetta,
374,Ardella,Gayler,agaylerad@nyu.edu,Female,141.89.4.22,Small-spotted genet,RX,
375,Donny,Worssam,dworssamae@360.cn,Male,71.136.21.7,Suricate,FX,
376,Bride,Besse,bbesseaf@myspace.com,Female,208.6.243.242,American buffalo,Sentra,
377,Nanny,Toppes,ntoppesag@washingtonpost.com,Female,176.209.24.211,Cape white-eye,SL-Class,
378,Lizbeth,Tailby,ltailbyah@bbb.org,Female,135.162.108.226,Greater sage grouse,Probe,
379,Ede,Maggiori,emaggioriai@wix.com,Female,121.58.115.2,Bird (unidentified),Grand Vitara,
380,Dionne,Playle,dplayleaj@theglobeandmail.com,Female,64.36.71.162,"Monkey, vervet",Accord,
381,Carolyne,Bowsher,cbowsherak@hao123.com,Female,78.15.78.122,"Wallaby, dama",Venture,
382,Filide,Bagby,fbagbyal@opensource.org,Female,187.159.142.24,Jungle kangaroo,2500,
383,Vaughn,Bandey,vbandeyam@miitbeian.gov.cn,Male,177.188.137.188,"Wombat, common",B9 Tribeca,
384,Burton,Ducker,bduckeran@360.cn,Male,91.168.48.255,African porcupine,Miata MX-5,
385,Aguie,Bedwell,abedwellao@harvard.edu,Male,195.237.120.223,North American beaver,Thunderbird,
386,Elmira,Cornford,ecornfordap@ihg.com,,136.180.71.18,Mountain duck,ES,
387,Delbert,Paulson,dpaulsonaq@purevolume.com,Male,236.136.127.182,Koala,TT,
388,Charmine,Edgar,cedgarar@biglobe.ne.jp,Female,238.10.168.46,"Boa, mexican",LeMans,
389,Nichols,Leguay,nleguayas@t-online.de,Male,233.23.110.228,Swamp deer,Element,
390,Annemarie,Megson,amegsonat@ft.com,Female,71.150.214.10,Gaur,Lancer,
391,Halli,MacKilroe,hmackilroeau@shinystat.com,Female,193.172.219.93,"Starling, red-shouldered glossy",BRZ,
392,Ruprecht,McAviy,rmcaviyav@sbwire.com,Male,170.147.167.47,White-throated kingfisher,Suburban 1500,
393,Scott,Esslement,sesslementaw@technorati.com,Male,32.119.163.145,"Starling, superb",Mini,
394,Bobbie,Castelow,bcastelowax@51.la,Female,242.218.82.29,"Spider, wolf",Wrangler,
395,Dita,Greetland,dgreetlanday@themeforest.net,Female,95.13.167.40,"Fox, cape",Neon,
396,Karlis,Keen,kkeenaz@paginegialle.it,Male,64.227.107.146,"Weaver, sociable",Sienna,
397,Steven,Pieper,spieperb0@issuu.com,Male,25.111.169.238,Fat-tailed dunnart,E-Series,
398,Judi,Cox,jcoxb1@parallels.com,Female,55.81.238.159,"Turkey, australian brush",Savana 1500,
399,Devonna,Risbie,drisbieb2@eventbrite.com,Female,162.122.202.31,"Sheep, red",Venture,
400,Kelbee,Kilmary,kkilmaryb3@hao123.com,Male,138.131.9.160,"Pie, indian tree",X6,
401,Vanda,Auletta,vaulettab4@msu.edu,Female,237.191.184.108,Pale white-eye,Rendezvous,
402,Bevon,Bramford,bbramfordb5@quantcast.com,Male,1.29.7.227,"Sheep, stone",Trans Sport,
403,Nicky,Rickson,nricksonb6@cloudflare.com,Female,101.168.13.14,Eastern quoll,Cherokee,
404,Vilhelmina,Lefort,vlefortb7@stanford.edu,Female,89.160.193.89,Elegant crested tinamou,MPV,
405,Issy,Rieflin,irieflinb8@china.com.cn,Female,253.179.116.40,Sulfur-crested cockatoo,Skyhawk,
406,Gabriell,Whiteside,gwhitesideb9@fc2.com,Female,20.155.53.198,"Rattlesnake, horned",3500 Club Coupe,
407,Joby,Ferbrache,jferbracheba@live.com,Female,20.85.101.17,"Badger, european",Citation,
408,Michaella,Ruddiforth,mruddiforthbb@pinterest.com,Female,26.188.232.111,Red-necked wallaby,G-Series 2500,
409,Albertine,Talman,atalmanbc@ocn.ne.jp,Female,130.190.38.10,Pig-tailed macaque,M3,
410,Callida,Tape,ctapebd@bandcamp.com,Female,214.149.136.7,Southern brown bandicoot,Premier,
411,Vaughn,McGeorge,vmcgeorgebe@yolasite.com,Male,206.31.168.204,Hippopotamus,Q,
412,Tarra,Desquesnes,tdesquesnesbf@jiathis.com,Female,124.84.113.3,"Robin, white-throated",Savana 3500,
413,Seward,Adelsberg,sadelsbergbg@soundcloud.com,Male,41.135.157.32,Red-knobbed coot,Paseo,
414,Ezekiel,Firks,efirksbh@merriam-webster.com,Male,165.197.76.73,Butterfly (unidentified),Cougar,
415,Bebe,Trevor,btrevorbi@wikimedia.org,Female,85.176.213.90,Eastern white pelican,Mustang,
416,Brockie,Dainter,bdainterbj@canalblog.com,Male,76.46.214.117,"Elk, Wapiti",I,
417,Fulvia,Weight,fweightbk@marriott.com,Female,221.11.173.225,"White-eye, cape",Aztek,
418,Jackelyn,Shee,jsheebl@ocn.ne.jp,Female,194.163.95.60,"Avocet, pied",Navigator,
419,Marion,Dorow,mdorowbm@skype.com,Female,68.226.53.112,Rock dove,Discovery,
420,Gregory,Devany,gdevanybn@wix.com,Male,172.6.78.141,Gecko (unidentified),Mirage,
421,Dulce,O'Luney,doluneybo@theglobeandmail.com,Female,109.76.65.7,"Goldeneye, barrows",Grand Voyager,
422,Madelena,Ballinghall,mballinghallbp@slate.com,Female,97.227.22.114,Common wombat,Boxster,
423,Elinor,Brawn,ebrawnbq@soup.io,Female,213.183.222.201,"Teal, hottentot",Escalade,
424,Ichabod,Loncaster,iloncasterbr@wix.com,Male,164.100.174.49,Tawny eagle,Catera,
425,Murry,Margarson,mmargarsonbs@craigslist.org,Male,61.153.29.194,Spotted hyena,Skylark,
426,Benito,Deesly,bdeeslybt@timesonline.co.uk,Male,83.253.251.179,Purple moorhen,626,
427,Sallee,Taplow,staplowbu@w3.org,Female,18.74.73.25,Springhare,SVX,
428,Laetitia,Wilmott,lwilmottbv@twitpic.com,Female,125.176.255.244,"Badger, american",Range Rover Sport,
429,Eyde,Reneke,erenekebw@icio.us,Female,87.51.127.194,Common pheasant,Tahoe,
430,Valery,Clissold,vclissoldbx@csmonitor.com,Female,161.7.38.14,"Capuchin, white-fronted",Blazer,
431,Stafford,Temlett,stemlettby@disqus.com,Male,188.124.72.250,"Snake, buttermilk",Eclipse,
432,Carlye,Bozward,cbozwardbz@desdev.cn,Female,186.171.30.128,White-mantled colobus,GX,
433,Celle,Fawcett,cfawcettc0@studiopress.com,Female,172.91.151.253,"Squirrel, pine",SVX,
434,Steffane,McDougal,smcdougalc1@tiny.cc,Female,166.218.106.8,Comb duck,RL,
435,Heinrik,Conor,hconorc2@ihg.com,Male,144.191.26.22,"Jackal, indian",RAV4,
436,Glenn,Viall,gviallc3@amazon.co.jp,Male,165.217.133.161,"Cockatoo, roseate",Suburban 2500,
437,Elfreda,Binks,ebinksc4@rambler.ru,Female,12.67.85.130,"Squirrel, eastern fox",SSR,
438,Xena,MacNalley,xmacnalleyc5@fda.gov,Female,120.214.244.75,"Owl, white-browed",300,
439,Moises,Stormes,mstormesc6@tamu.edu,Male,163.167.173.177,"Cat, miner's",944,
440,Cyrille,Went,cwentc7@quantcast.com,Male,25.1.22.154,"Skunk, striped",Sonoma Club Coupe,
441,Rena,Keat,rkeatc8@multiply.com,Female,210.187.24.232,Blacksmith plover,GS,
442,Thibaud,Rapkins,trapkinsc9@ustream.tv,Male,9.236.137.226,"Lemming, arctic",Parisienne,
443,Van,Hardinge,vhardingeca@sourceforge.net,Male,211.213.194.224,"Deer, savannah",Sonata,
444,Deerdre,Dyet,ddyetcb@google.ca,Female,36.145.244.200,"Deer, savannah",riolet,
445,Romona,Berg,rbergcc@1und1.de,Female,88.119.120.240,Ringtail cat,Metro,
446,Skippy,Mawhinney,smawhinneycd@unc.edu,Male,100.102.63.120,Argalis,300,
447,Tibold,Orme,tormece@dailymotion.com,Male,126.151.219.172,Antelope ground squirrel,SL-Class,
448,Crichton,Grigolashvill,cgrigolashvillcf@booking.com,Male,122.58.186.78,"Macaque, japanese",Monterey,
449,Felicia,Thormwell,fthormwellcg@wsj.com,Female,142.102.129.234,Great skua,Navigator,
450,Maximilian,Finnan,mfinnanch@prnewswire.com,Male,56.214.195.82,Levaillant's barbet,Grand Marquis,
451,Sax,Shewsmith,sshewsmithci@cmu.edu,Male,111.25.64.193,Euro wallaby,Ranger,
452,Rustie,Glassborow,rglassborowcj@moonfruit.com,Male,172.49.80.104,"Gecko, bent-toed",ES,
453,Allayne,Casely,acaselyck@reverbnation.com,Male,142.247.119.228,"Dragon, ornate rock",Esprit,
454,Tisha,Hitscher,thitschercl@arizona.edu,,82.165.143.111,"Finch, common melba",5 Series,
455,Nowell,Pesterfield,npesterfieldcm@wikipedia.org,Male,104.203.50.182,Caracara (unidentified),Silhouette,
456,Willis,Kuscha,wkuschacn@nsw.gov.au,Male,66.223.147.53,"Boa, emerald green tree",Sebring,
457,Jamison,Knoller,jknollerco@whitehouse.gov,Male,66.176.232.184,Grey heron,Astro,
458,Paolina,Grinyakin,pgrinyakincp@shareasale.com,Female,32.61.32.47,"Seal, common",Xterra,
459,Theresa,Ucceli,tuccelicq@360.cn,Female,160.173.246.26,African jacana,5-Sep,
460,Nikolaos,Mannakee,nmannakeecr@ft.com,Male,215.101.241.39,"Squirrel, indian giant",D350 Club,
461,Gretchen,De Rye Barrett,gderyebarrettcs@time.com,Female,69.40.92.71,"Bird, black-throated butcher",DeVille,
462,Brandtr,Pithie,bpithiect@gravatar.com,Male,188.81.12.208,Hummingbird (unidentified),Supra,
463,Toddie,Cossum,tcossumcu@ucoz.com,Male,32.111.44.70,"Alligator, mississippi",Expedition,
464,Lona,Shinfield,lshinfieldcv@xing.com,Female,210.96.53.133,Four-striped grass mouse,3000GT,
465,Joseito,Mateescu,jmateescucw@addthis.com,Male,232.5.144.250,Gelada baboon,300,
466,Ash,Harrowing,aharrowingcx@hc360.com,Male,247.9.44.190,"Cormorant, neotropic",6 Series,
467,Vincent,Peplow,vpeplowcy@phoca.cz,Male,1.164.78.49,"Cat, civet",E250,
468,Stephanus,Parkisson,sparkissoncz@webmd.com,Male,89.159.29.69,Common turkey,Intrigue,
469,Flossy,MacGaffey,fmacgaffeyd0@sina.com.cn,Female,235.176.160.113,Yellow baboon,530,
470,Christie,Gagen,cgagend1@senate.gov,Male,253.201.68.47,"Stork, white",Caravan,
471,Lonee,Harpur,lharpurd2@wordpress.org,Female,60.88.100.136,"Grouse, sage",Sonoma,
472,Maynard,Readshaw,mreadshawd3@stumbleupon.com,Male,33.33.78.78,White-winged black tern,Impala,
473,Rogerio,Guillard,rguillardd4@people.com.cn,Male,34.244.253.39,"Gecko, bent-toed",Pajero,
474,Shell,Sporner,sspornerd5@nih.gov,Male,203.199.5.191,"Crow, pied",XC90,
475,Fred,Ingray,fingrayd6@bbb.org,Male,54.9.119.217,Pine siskin,Passat,
476,Jami,Chritchley,jchritchleyd7@harvard.edu,Female,163.47.238.48,Lava gull,Canyon,
477,Debby,MacArthur,dmacarthurd8@columbia.edu,Female,199.67.111.240,"Skua, long-tailed",Corolla,
478,Whitman,Picker,wpickerd9@e-recht24.de,Male,32.70.98.78,"Possum, golden brush-tailed",S80,
479,Baird,Clears,bclearsda@squarespace.com,Male,145.171.55.13,"Deer, savannah",Mirage,
480,Wallache,Arro,warrodb@zimbio.com,Male,39.216.161.9,"Starfish, crown of thorns",Tracer,
481,Charlena,Blampy,cblampydc@marketwatch.com,Female,214.58.134.124,"Racer, american",Z4 M Roadster,
482,Erroll,Pepall,epepalldd@yahoo.co.jp,Male,194.58.1.187,Hoary marmot,Prelude,
483,Maurise,Menlow,mmenlowde@umich.edu,Male,117.228.176.153,African wild cat,Camaro,
484,Kimberli,Hamshere,khamsheredf@unicef.org,Female,242.224.15.97,Southern screamer,ES,
485,Wade,Portwain,wportwaindg@shop-pro.jp,Male,162.102.73.84,"Rattlesnake, dusky",Grand Prix,
486,Maje,Awcock,mawcockdh@instagram.com,Male,110.170.105.195,American badger,L-Series,
487,Auroora,Brimicombe,abrimicombedi@yolasite.com,Female,64.41.78.24,Coyote,Range Rover,
488,Read,Lennarde,rlennardedj@imageshack.us,Male,57.162.85.199,Whip-tailed wallaby,Reatta,
489,Lorrie,Danihelka,ldanihelkadk@behance.net,Female,232.93.12.62,"Baboon, olive",C-Class,
490,Freeland,Ayliff,fayliffdl@businessweek.com,Male,65.177.184.147,Black-throated cardinal,TrailBlazer,
491,Nichols,Huygen,nhuygendm@princeton.edu,Male,46.134.66.25,Sugar glider,Expedition EL,
492,Ajay,Tritten,atrittendn@guardian.co.uk,,72.50.126.136,Three-banded plover,ES,
493,Byron,Caslin,bcaslindo@vistaprint.com,,64.248.38.97,Saddle-billed stork,Ram Van 3500,
494,Ashlen,Astle,aastledp@mtv.com,Female,152.124.73.115,African ground squirrel (unidentified),Highlander,
495,Mic,Waind,mwainddq@latimes.com,Male,91.107.149.195,Civet (unidentified),T100,
496,Porter,MacAlpine,pmacalpinedr@themeforest.net,,12.117.189.165,Grison,Maxima,
497,Collete,Hoggin,chogginds@stanford.edu,Female,53.121.176.146,"Mongoose, banded",C8,
498,Mitchael,Collings,mcollingsdt@gizmodo.com,,56.201.218.187,"Bulbul, black-fronted",Econoline E350,
499,Gwendolin,Cricket,gcricketdu@live.com,Female,35.116.103.35,Rainbow lory,DeVille,
500,Adler,Frandsen,afrandsendv@spotify.com,Male,166.7.76.59,"Buffalo, african",Montero Sport,
501,Kurt,Cuerda,kcuerdadw@com.com,Male,132.53.221.67,Mara,XLR-V,
502,Alanson,Vickery,avickerydx@who.int,Male,105.17.195.120,Bobcat,Camry,
503,Penny,O'Caine,pocainedy@ehow.com,Male,14.4.51.5,"Squirrel, nelson ground",S-Class,
504,Raynor,Newall,rnewalldz@ca.gov,Male,76.66.26.137,Field flicker,A4,
505,Jenda,Knivett,jknivette0@mail.ru,Female,204.212.96.111,"Lemming, arctic",Sky,
506,Peterus,Bartens,pbartense1@friendfeed.com,Male,171.58.223.117,Red-legged pademelon,Explorer Sport Trac,
507,Winslow,Brightwell,wbrightwelle2@sfgate.com,Male,178.254.172.133,"Snake, green vine",Rally Wagon G2500,
508,Corri,Beeckx,cbeeckxe3@parallels.com,Female,130.244.99.185,"Cow, scottish highland",Corvette,
509,Innis,Neissen,ineissene4@cornell.edu,Male,173.9.58.70,"Baboon, chacma",Range Rover,
510,Konstantin,Gaitskell,kgaitskelle5@nps.gov,Male,38.54.138.218,Red phalarope,3 Series,
511,Megen,Marrion,mmarrione6@salon.com,Female,139.31.182.93,"Macaque, bonnet",Tahoe,
512,Imogen,Hurtado,ihurtadoe7@cbc.ca,Female,146.163.174.105,Giraffe,Toronado,
513,Judy,McKibben,jmckibbene8@1688.com,Female,71.143.212.110,"Curlew, black",Land Cruiser,
514,Nydia,Whalebelly,nwhalebellye9@ftc.gov,Female,80.205.171.193,Turtle (unidentified),Q,
515,Cross,Elsay,celsayea@ebay.com,Male,63.148.241.116,"Bird, bare-faced go away",E-Series,
516,Maxwell,Pendergrast,mpendergrasteb@cnn.com,Male,28.177.233.219,"Elk, Wapiti",Spirit,
517,Pansie,O'Lehane,polehaneec@stanford.edu,Female,130.10.207.108,Yellow baboon,CL-Class,
518,Ozzie,Ryton,orytoned@booking.com,Male,25.134.77.250,"Buffalo, african",Yukon XL 1500,
519,Nolan,Janatka,njanatkaee@mit.edu,Male,25.68.72.254,Egyptian viper,Mini,
520,Nelson,Elphee,nelpheeef@flickr.com,Male,210.254.212.181,"Sheep, stone",S-Type,
521,Delainey,Waddilow,dwaddiloweg@theatlantic.com,Male,10.224.79.155,Osprey,RAV4,
522,Sheryl,Jack,sjackeh@squarespace.com,Female,26.172.103.44,"Ringtail, common",Ram,
523,Mohandas,Kibbel,mkibbelei@huffingtonpost.com,Male,47.152.153.192,"Booby, blue-faced",Mirage,
524,Amara,Bembridge,abembridgeej@abc.net.au,Female,7.37.240.140,Orca,GS,
525,Gusty,MacTrustie,gmactrustieek@sogou.com,Female,146.141.2.171,Large cormorant,Sentra,
526,Karylin,Vassar,kvassarel@elegantthemes.com,Female,142.90.86.212,"Sloth, pale-throated three-toed",Clubman,
527,Jana,Lassey,jlasseyem@simplemachines.org,Female,38.51.37.179,"Owl, snowy",E-Class,
528,Gareth,Hubeaux,ghubeauxen@bloglines.com,Male,211.19.96.71,Hoffman's sloth,Prelude,
529,Delila,Choppen,dchoppeneo@people.com.cn,,38.182.214.187,"Goose, snow",Firefly,
530,Marcos,Olden,moldenep@eventbrite.com,Male,62.0.168.104,White-tailed jackrabbit,M Roadster,
531,Toiboid,Cowthard,tcowthardeq@state.tx.us,Male,206.120.169.235,Pine siskin,MX-5,
532,Ellie,Clackson,eclacksoner@unicef.org,Female,156.96.78.148,Pronghorn,Cougar,
533,Wynne,Marcham,wmarchames@diigo.com,Female,15.75.127.20,"Pheasant, common",XJ Series,
534,Olive,Draycott,odraycottet@youtu.be,Female,113.114.129.48,African polecat,GT,
535,Bruno,Jardin,bjardineu@tinypic.com,Male,195.201.88.110,Collared peccary,Mountaineer,
536,Kristofor,Grundon,kgrundonev@biblegateway.com,Male,142.81.190.250,Mocking cliffchat,XC90,
537,Brianna,Sprasen,bsprasenew@drupal.org,,213.2.15.189,"Brocket, brown",Impala,
538,Rodney,Wintour,rwintourex@meetup.com,Male,227.10.178.237,Eastern boa constrictor,Versa,
539,Conni,Bissatt,cbissattey@sbwire.com,Female,23.155.224.69,"Wallaby, euro",RL,
540,Amara,Grealey,agrealeyez@hatena.ne.jp,Female,219.115.220.250,"Squirrel, eastern fox",Eos,
541,Arlen,Ziemens,aziemensf0@exblog.jp,Male,20.69.246.193,Boat-billed heron,3500,
542,Dyan,Feuell,dfeuellf1@histats.com,Female,225.26.34.195,Frog (unidentified),Expo,
543,Sonny,Bedenham,sbedenhamf2@topsy.com,Male,184.192.208.134,Uinta ground squirrel,Solara,
544,Marcella,Coverdale,mcoverdalef3@freewebs.com,Female,108.191.68.227,Impala,Aero 8,
545,Stanwood,Binns,sbinnsf4@geocities.jp,Male,45.222.117.20,Madagascar hawk owl,Grand Caravan,
546,Fredrika,Gabbot,fgabbotf5@live.com,Female,188.4.0.136,"Moorhen, purple",Continental Super,
547,Dorri,Gronaller,dgronallerf6@ifeng.com,Female,209.182.217.166,"Waterbuck, common",Range Rover Sport,
548,Analise,Brack,abrackf7@de.vu,Female,19.9.25.245,Asian lion,Aerostar,
549,Taffy,Dearnaly,tdearnalyf8@chicagotribune.com,Female,6.170.42.27,"Lark, horned",Blazer,
550,Maison,Meltetal,mmeltetalf9@wikipedia.org,Male,242.146.29.64,"Bear, black",Regal,
551,Shell,Wilkinson,swilkinsonfa@quantcast.com,Male,5.48.27.99,Blue shark,Regal,
552,Lyon,Stodd,lstoddfb@google.com.hk,Male,166.38.172.139,Leadbeateri's ground hornbill,Crosstour,
553,Julina,Heskins,jheskinsfc@cocolog-nifty.com,Female,164.69.160.28,Great skua,Z4,
554,Carissa,Digg,cdiggfd@buzzfeed.com,Female,229.105.244.148,Blue catfish,S-Class,
555,Crissie,Stedall,cstedallfe@prweb.com,Female,82.81.24.154,"Kangaroo, jungle",Boxster,
556,Esther,Zuann,ezuannff@discuz.net,Female,60.31.90.198,"Goose, canada",ES,
557,Giles,Olenov,golenovfg@themeforest.net,Male,95.116.183.168,Wild boar,Eclipse,
558,Nana,Carthew,ncarthewfh@oakley.com,Female,163.94.70.47,Carpet snake,Topaz,
559,Vallie,Blakeway,vblakewayfi@hexun.com,Female,14.192.236.250,American bison,SC,
560,Alexio,Mountfort,amountfortfj@rakuten.co.jp,Male,179.69.147.53,"Boa, emerald green tree",Skyhawk,
561,Cammie,Stawell,cstawellfk@trellian.com,Female,125.116.195.4,Bird (unidentified),Virage,
562,Jacky,Orrah,jorrahfl@wix.com,Male,56.185.75.116,Common zorro,Silverado 1500,
563,Warner,Jamot,wjamotfm@reference.com,Male,148.234.239.112,"Dog, black-tailed prairie",CLK-Class,
564,Lodovico,Nickolls,lnickollsfn@blog.com,Male,241.89.9.74,"Possum, pygmy",Grand Prix,
565,Son,Rulf,srulffo@wufoo.com,Male,11.55.82.126,"Weaver, chestnut",LS,
566,Neila,Thornewell,nthornewellfp@joomla.org,Female,107.85.91.48,Red-necked wallaby,Catera,
567,Christophe,Seamer,cseamerfq@usgs.gov,Male,145.157.62.198,"Hyena, brown",Civic,
568,Tanner,Wyne,twynefr@ezinearticles.com,Male,234.4.206.252,Brown hyena,Miata MX-5,
569,Anastasie,Headrick,aheadrickfs@ucsd.edu,Female,125.148.63.161,Grey lourie,Continental,
570,Tallie,Hussell,thussellft@utexas.edu,Male,211.61.25.177,"Zorro, azara's",LaCrosse,
571,Amii,Moorwood,amoorwoodfu@ucla.edu,Female,175.122.21.76,Pacific gull,7 Series,
572,Kingsly,Cuckson,kcucksonfv@utexas.edu,Male,214.158.172.236,North American porcupine,370Z,
573,Cletus,Curlis,ccurlisfw@w3.org,Male,154.63.64.44,Rhesus monkey,Expedition EL,
574,Kerby,Yandle,kyandlefx@networkadvertising.org,Male,103.140.4.240,Gray duiker,F-Series Super Duty,
575,Cointon,McCaughran,cmccaughranfy@amazonaws.com,Male,63.96.244.25,"Turkey, common",Titan,
576,Ree,Glennie,rglenniefz@hp.com,Female,243.34.52.173,"Wallaby, bennett's",Grand Prix,
577,Korella,Minger,kmingerg0@netlog.com,Female,49.120.83.168,Red squirrel,C70,
578,Odetta,Roadknight,oroadknightg1@engadget.com,Female,85.209.190.91,"Squirrel, antelope ground",Q,
579,Renelle,Bart,rbartg2@who.int,Female,7.4.114.113,Arctic fox,Grand Prix,
580,Gleda,Birdwhistell,gbirdwhistellg3@hc360.com,Female,209.133.187.211,"Pintail, bahama",Accord,
581,Morganne,Burras,mburrasg4@symantec.com,Female,109.80.69.77,"Pintail, white-cheeked",PT Cruiser,
582,Edi,Lunney,elunneyg5@walmart.com,Female,194.152.80.41,"Starfish, crown of thorns",Diamante,
583,Garold,Woliter,gwoliterg6@google.pl,Male,245.17.61.202,Black-backed magpie,Savana 1500,
584,Reagan,Fardy,rfardyg7@indiegogo.com,Male,183.23.4.230,Savanna baboon,Excel,
585,Maddie,Lauderdale,mlauderdaleg8@goodreads.com,Female,86.105.156.28,Tropical buckeye butterfly,Navigator,
586,Tiffani,Sjollema,tsjollemag9@epa.gov,Female,26.21.114.169,Little cormorant,LR4,
587,Filippa,MacKartan,fmackartanga@multiply.com,Female,16.92.59.66,"Kangaroo, western grey",Neon,
588,Iago,Walburn,iwalburngb@prweb.com,Male,184.118.82.233,Southern white-crowned shrike,E-Class,
589,Darice,Clixby,dclixbygc@amazon.com,Female,144.19.8.229,"Cockatoo, sulfur-crested",Express 3500,
590,Lissi,Cisec,lcisecgd@reverbnation.com,Female,44.19.217.229,"Monkey, vervet",Impala,
591,Othilia,Lotwich,olotwichge@weather.com,Female,223.225.54.2,"Opossum, american virginia",98,
592,Jackquelin,Youdell,jyoudellgf@umn.edu,Female,14.48.79.220,Purple moorhen,X3,
593,Sara-ann,Cahn,scahngg@usnews.com,Female,218.9.63.25,"Lark, horned",Explorer Sport,
594,Rip,Culley,rculleygh@reverbnation.com,Male,165.101.152.189,"Gnu, brindled",Truck,
595,Robenia,Prettyjohns,rprettyjohnsgi@usa.gov,,119.69.43.186,"Buffalo, asian water",Protege,
596,Celle,Aireton,cairetongj@smh.com.au,Female,186.60.70.57,"Macaque, japanese",Esprit,
597,Felicle,Bruckshaw,fbruckshawgk@simplemachines.org,Female,125.91.51.41,Dingo,Tredia,
598,Orbadiah,Hanselmann,ohanselmanngl@vimeo.com,Male,158.190.154.155,Blue wildebeest,Element,
599,Cliff,Cradey,ccradeygm@spotify.com,Male,47.103.187.235,"Gull, southern black-backed",Pajero,
600,Yolane,Biaggi,ybiaggign@yahoo.co.jp,Female,206.71.166.74,Sambar,Thunderbird,
601,Beniamino,Freeborne,bfreebornego@yandex.ru,Male,43.12.167.251,"Hartebeest, red",Discovery,
602,Filbert,Piwall,fpiwallgp@wikispaces.com,Male,180.198.90.10,Goanna lizard,Rodeo Sport,
603,Thorn,Lescop,tlescopgq@go.com,Male,255.44.28.61,"Eagle, crowned",Mariner,
604,Vittorio,Auld,vauldgr@unblog.fr,,148.73.97.0,"Lion, steller sea",Thunderbird,
605,Kelsi,Wildish,kwildishgs@ihg.com,Female,87.214.198.249,"Rhinoceros, square-lipped",LX,
606,Steffane,Froschauer,sfroschauergt@oaic.gov.au,Female,16.38.135.33,Pine squirrel,J,
607,Meade,Townend,mtownendgu@odnoklassniki.ru,Female,156.99.8.198,American beaver,MX-5,
608,Tremayne,Synnot,tsynnotgv@yahoo.com,Male,101.15.158.205,Darwin ground finch (unidentified),Sable,
609,Simonette,Vonasek,svonasekgw@google.com.au,Female,184.111.75.127,"Eagle, african fish",Aero 8,
610,Urbanus,MacCague,umaccaguegx@taobao.com,Male,17.78.173.16,Saddle-billed stork,Mustang,
611,Artus,Napthine,anapthinegy@amazon.com,Male,210.187.158.44,"Boa, cook's tree",CL-Class,
612,Alonso,Kingman,akingmangz@xinhuanet.com,Male,68.111.186.187,"Eagle, pallas's fish",Explorer,
613,Rab,Fillary,rfillaryh0@wiley.com,Male,8.217.255.96,Red howler monkey,Grand Caravan,
614,Gayle,Ambroz,gambrozh1@blogs.com,Female,139.77.155.225,"Eagle, bateleur",430,
615,Brianna,Illingworth,billingworthh2@surveymonkey.com,Female,8.152.225.115,Yellow mongoose,Diamante,
616,Will,Chettoe,wchettoeh3@drupal.org,Male,123.4.199.140,American beaver,3 Series,
617,Bail,Markovic,bmarkovich4@surveymonkey.com,Male,82.18.124.31,"Ringtail, common",Civic,
618,Shurlock,Burgoyne,sburgoyneh5@topsy.com,Male,252.163.42.244,Tyrant flycatcher,Eclipse,
619,Tess,Gerger,tgergerh6@freewebs.com,Female,42.157.77.239,"Whale, baleen",Quattroporte,
620,Winny,Elliff,welliffh7@multiply.com,Male,193.62.126.218,Ibex,S80,
621,Abbie,Hughesdon,ahughesdonh8@is.gd,,10.179.180.136,"Sandpiper, spotted wood",Stratus,
622,Leia,Purvis,lpurvish9@nbcnews.com,Female,137.201.36.252,Common grenadier,Tacoma,
623,Cal,Sunshine,csunshineha@technorati.com,Female,224.222.44.222,"Duiker, gray",Envoy,
624,Corie,Pople,cpoplehb@netvibes.com,Female,157.85.95.199,"Pelican, brown",5-Sep,
625,Veronica,Curling,vcurlinghc@adobe.com,Female,206.134.81.149,Helmeted guinea fowl,M6,
626,Jobie,Ellaman,jellamanhd@reference.com,Female,23.229.57.3,Eurasian badger,GS,
627,Karil,Higounet,khigounethe@yolasite.com,Female,231.227.79.23,White-necked stork,Diablo,
628,Sergent,Hammerman,shammermanhf@ocn.ne.jp,Male,110.82.141.110,"Cat, civet",LTD Crown Victoria,
629,Talbot,Baudry,tbaudryhg@whitehouse.gov,Male,158.218.128.132,Common raccoon,F-350 Super Duty,
630,Shari,Clarson,sclarsonhh@pinterest.com,Female,241.171.83.230,"Porcupine, crested",Intrigue,
631,Micheline,MacGiany,mmacgianyhi@deliciousdays.com,Female,252.41.94.159,"White-eye, pale",Yukon,
632,Candide,Tate,ctatehj@hubpages.com,Female,212.67.70.130,White-nosed coatimundi,Ram 3500,
633,Enriqueta,Volcker,evolckerhk@squidoo.com,Female,143.162.166.90,"Bunting, crested",RAV4,
634,Maury,Longstreeth,mlongstreethhl@123-reg.co.uk,Male,98.43.158.66,"Grenadier, purple",Windstar,
635,Diane,Ludlamme,dludlammehm@geocities.com,Female,97.242.190.100,"Cockatoo, roseate",H2,
636,Ernaline,Harnetty,eharnettyhn@examiner.com,Female,199.127.111.16,"Civet, small-toothed palm",Impreza,
637,Anthony,Degoy,adegoyho@harvard.edu,Male,254.110.212.185,Fat-tailed dunnart,NSX,
638,Claudianus,Petroselli,cpetrosellihp@comcast.net,Male,251.156.132.131,Fat-tailed dunnart,DBS,
639,Shela,Tomaselli,stomasellihq@bloglovin.com,Female,173.187.57.110,Carmine bee-eater,1 Series,
640,Jesse,Knight,jknighthr@soundcloud.com,Male,70.251.176.9,Kelp gull,H2 SUT,
641,Rubi,Kaiser,rkaiserhs@prweb.com,Female,73.157.220.81,Turtle (unidentified),Charger,
642,Nanete,Iori,nioriht@ebay.com,Female,235.4.5.176,Russian dragonfly,Sebring,
643,Aylmar,Cufley,acufleyhu@who.int,Male,18.116.115.192,Black-cheeked waxbill,HS,
644,Ezmeralda,De Mitris,edemitrishv@geocities.jp,Female,87.63.101.8,"Deer, red",Outlander,
645,Sybille,Rigby,srigbyhw@deliciousdays.com,Female,240.129.247.1,Four-striped grass mouse,LeMans,
646,Kirk,Hawlgarth,khawlgarthhx@youtu.be,Male,20.184.139.227,Harbor seal,Previa,
647,Wood,Gallaway,wgallawayhy@china.com.cn,Male,6.233.175.77,"Dragon, frilled",929,
648,Belvia,Lexa,blexahz@bigcartel.com,Female,233.116.112.29,"Polecat, african",Thunderbird,
649,Chrissy,Reddy,creddyi0@slashdot.org,,181.191.17.4,"Lemming, arctic",L-Series,
650,Eartha,Theis,etheisi1@reverbnation.com,Female,26.118.69.191,Common goldeneye,Galant,
651,Harmonie,Hofler,hhofleri2@vimeo.com,Female,4.81.167.79,Meerkat,Talon,
652,Nicolais,Skottle,nskottlei3@slashdot.org,Male,221.27.86.72,Asian false vampire bat,M5,
653,Olag,England,oenglandi4@github.com,Male,133.154.241.45,Goliath heron,Town Car,
654,Burt,Roston,brostoni5@nasa.gov,Male,251.130.184.100,Ring-necked pheasant,929,
655,My,McCooke,mmccookei6@cam.ac.uk,Male,200.100.193.96,Collared lemming,SL-Class,
656,Jeanie,Enrietto,jenriettoi7@amazon.com,Female,170.157.188.50,Royal tern,550,
657,Tremayne,Vasishchev,tvasishchevi8@bizjournals.com,Male,223.73.161.215,Pale-throated three-toed sloth,90,
658,Blair,Freeland,bfreelandi9@archive.org,Female,130.22.79.38,"Skunk, striped",Mustang,
659,Antonie,Duddan,aduddania@a8.net,Female,121.110.242.153,Goliath heron,W201,
660,Lona,Frankes,lfrankesib@w3.org,Female,14.216.11.151,"Marmot, yellow-bellied",Tahoe,
661,Andrus,Van Hesteren,avanhesterenic@mozilla.com,Male,2.15.190.170,Stanley crane,XT,
662,Dominga,Giacomazzo,dgiacomazzoid@mashable.com,Female,190.172.123.1,Tiger cat,Spider,
663,Stanfield,Klinck,sklinckie@comcast.net,Male,146.88.200.133,Mississippi alligator,Civic,
664,Welsh,Mc Coughan,wmccoughanif@loc.gov,Male,183.112.200.165,Red lava crab,R-Class,
665,Wylie,Stanbridge,wstanbridgeig@yale.edu,Male,150.225.158.103,Mexican boa,R-Class,
666,Netty,Waywell,nwaywellih@newsvine.com,Female,127.73.83.188,"Deer, barasingha",Esprit,
667,Quint,Brookbank,qbrookbankii@berkeley.edu,Male,206.20.46.235,"Genet, small-spotted",Pajero,
668,Artus,Foden,afodenij@dailymail.co.uk,Male,229.164.165.251,"Gecko, bent-toed",G,
669,Nat,Middlemist,nmiddlemistik@yahoo.com,Male,227.58.77.155,Dingo,V8,
670,Nickolaus,Ciccetti,nciccettiil@wired.com,Male,39.211.193.219,Eastern white pelican,Ram 3500,
671,Ivy,Gottschalk,igottschalkim@storify.com,Female,4.215.43.40,"Lemur, ring-tailed",F-350 Super Duty,
672,Mordecai,Beddingham,mbeddinghamin@alibaba.com,Male,148.202.163.94,"Tern, arctic",Journey,
673,Arlette,Benezeit,abenezeitio@shop-pro.jp,Female,124.187.99.92,Mexican boa,Eldorado,
674,Othelia,Attersoll,oattersollip@businessweek.com,Female,156.158.166.72,"Otter, oriental short-clawed",2500,
675,Antonino,Misselbrook,amisselbrookiq@moonfruit.com,Male,8.138.213.28,"Squirrel, nelson ground",300,
676,Iolanthe,Roalfe,iroalfeir@kickstarter.com,Female,171.163.95.73,"Cat, toddy",Sprinter 2500,
677,Dav,Perrett,dperrettis@dmoz.org,Male,132.235.5.107,"Mouse, four-striped grass",Sienna,
678,Drake,Brennand,dbrennandit@multiply.com,Male,16.236.162.142,Agama lizard (unidentified),Town & Country,
679,Zacharia,Davidowsky,zdavidowskyiu@businessinsider.com,Male,35.65.201.184,Sugar glider,Fusion,
680,Cristina,Granleese,cgranleeseiv@sbwire.com,Female,64.31.155.224,"Boar, wild",Range Rover Sport,
681,Lionel,Brockett,lbrockettiw@fc2.com,Male,18.189.211.255,Galapagos tortoise,F250,
682,Alf,Jonsson,ajonssonix@msn.com,Male,104.168.126.90,Common zorro,Intrepid,
683,Hussein,Picker,hpickeriy@berkeley.edu,Male,87.237.196.131,"Hyena, spotted",Tahoe,
684,Kellia,Peile,kpeileiz@ifeng.com,Female,203.38.120.216,"Starling, greater blue-eared",XG300,
685,Simone,Garden,sgardenj0@amazon.com,Female,26.12.25.192,Paddy heron (unidentified),3 Series,
686,Janos,Cowern,jcowernj1@a8.net,Male,102.167.173.12,European stork,IS,
687,Huberto,Sager,hsagerj2@blogger.com,Male,220.172.25.161,Weeper capuchin,S10,
688,Abagail,Bonnick,abonnickj3@constantcontact.com,Female,149.235.95.0,"Sheathbill, snowy",Jetta,
689,Hyatt,Prescott,hprescottj4@msn.com,Male,104.203.128.241,Malleefowl,Ram 2500,
690,Alina,Secker,aseckerj5@printfriendly.com,Female,60.78.122.189,Russian dragonfly,Sable,
691,Wallis,Skylett,wskylettj6@latimes.com,Female,73.163.156.60,American Virginia opossum,S60,
692,Stanwood,Wescott,swescottj7@etsy.com,Male,51.85.193.37,"Bat, little brown",Roadrunner,
693,Conan,Colby,ccolbyj8@va.gov,Male,75.168.17.187,"Siskin, pine",Celica,
694,Carey,Chafer,cchaferj9@constantcontact.com,Female,165.9.138.126,Common pheasant,Avalanche 1500,
695,Izabel,Suarez,isuarezja@mayoclinic.com,Female,152.31.113.168,"Crane, black-crowned",Aurora,
696,Hagen,Millery,hmilleryjb@vk.com,Male,197.218.37.104,"Dragon, western bearded",90,
697,Carlyn,Bunclark,cbunclarkjc@irs.gov,Female,75.28.128.189,"Dragon, netted rock",Continental,
698,Aleece,Tootell,atootelljd@parallels.com,Female,10.91.94.176,"Raven, white-necked",62,
699,Isidoro,Estick,iestickje@qq.com,Male,253.17.28.184,"Weaver, chestnut",Town Car,
700,Woodrow,Godber,wgodberjf@a8.net,Male,77.147.178.239,Black kite,Lancer,
701,Bibbye,Gay,bgayjg@addthis.com,Female,40.53.105.183,Antelope ground squirrel,Express 1500,
702,Korrie,Ezzell,kezzelljh@paginegialle.it,Female,125.46.237.182,Platypus,GTI,
703,Meredithe,Donaway,mdonawayji@weibo.com,Female,221.99.185.122,"Sloth, two-toed tree",Corsica,
704,Gannie,Duesbury,gduesburyjj@msn.com,Male,48.23.233.228,Malagasy ground boa,Neon,
705,Angelo,Bick,abickjk@constantcontact.com,Male,254.92.56.225,"Heron, grey",Taurus,
706,Alexis,Dobey,adobeyjl@163.com,Male,5.178.220.27,"Gecko, ring-tailed",2500 Club Coupe,
707,Nickolas,Rubel,nrubeljm@seesaa.net,Male,209.53.13.109,"Peccary, white-lipped",Camaro,
708,Mikel,Dyshart,mdyshartjn@wiley.com,Male,50.190.106.38,"Lion, asian",Legend,
709,Wylma,Benaine,wbenainejo@yolasite.com,Female,11.36.255.160,Snow goose,Aurora,
710,Rasia,Rickson,rricksonjp@smugmug.com,Female,57.248.85.158,Eastern diamondback rattlesnake,Esprit,
711,Lauri,Ewings,lewingsjq@cnbc.com,Female,127.118.137.188,Javan gold-spotted mongoose,Park Avenue,
712,Val,Britt,vbrittjr@weebly.com,Female,132.196.65.236,"Genet, common",M5,
713,Craggy,Ivankov,civankovjs@usgs.gov,Male,159.164.77.146,"Vulture, lappet-faced",3-Sep,
714,Bennie,Patershall,bpatershalljt@illinois.edu,Female,136.82.241.72,"Echidna, short-beaked",Grand Am,
715,Vincenz,Ingrem,vingremju@ihg.com,Male,66.146.50.210,Sambar,Fox,
716,Berkly,Djorevic,bdjorevicjv@ebay.com,Male,167.2.175.117,Grey phalarope,Ranger,
717,Agnesse,Marcussen,amarcussenjw@ameblo.jp,Female,212.248.92.144,"Crab, red lava",S40,
718,Tessie,Pafford,tpaffordjx@guardian.co.uk,Female,255.212.250.118,Indian giant squirrel,Legend,
719,Jacenta,Weatherdon,jweatherdonjy@photobucket.com,Female,18.227.123.160,Rhesus macaque,E-Series,
720,Erv,Brumfitt,ebrumfittjz@tinyurl.com,Male,25.44.156.238,"Woodpecker, downy",Venza,
721,Nicky,Pattesall,npattesallk0@examiner.com,Male,72.113.248.112,Long-nosed bandicoot,Maxima,
722,Sibbie,Howkins,showkinsk1@marriott.com,Female,223.215.51.112,"Bandicoot, southern brown",Armada,
723,Padriac,Chateau,pchateauk2@china.com.cn,Male,141.199.235.102,Southern brown bandicoot,Grand Am,
724,Sapphire,Ethersey,setherseyk3@trellian.com,Female,7.58.210.1,White-headed vulture,Grand Am,
725,Marten,Bezants,mbezantsk4@scientificamerican.com,Male,18.31.153.197,Yellow-necked spurfowl,Grand Prix,
726,Hardy,Bunyard,hbunyardk5@google.com,Male,29.101.90.141,"Bulbul, african red-eyed",G55 AMG,
727,Carr,Atwill,catwillk6@nba.com,Male,170.146.183.46,African ground squirrel (unidentified),Typ-1,
728,Serena,Cabotto,scabottok7@addtoany.com,Female,240.135.81.136,"Dove, mourning collared",Silhouette,
729,Sloane,Massy,smassyk8@ted.com,Male,16.229.62.137,Scaly-breasted lorikeet,Festiva,
730,Fairfax,Grantham,fgranthamk9@nifty.com,Male,69.158.1.159,"Rat, arboral spiny",Spirit,
731,Antonetta,Kelsall,akelsallka@quantcast.com,Female,218.242.126.114,"Kingfisher, white-throated",Century,
732,Madelyn,Dafter,mdafterkb@umich.edu,Female,58.246.11.246,"Iguana, marine",3000GT,
733,Cherri,Shoesmith,cshoesmithkc@feedburner.com,Female,137.233.55.255,"Booby, blue-footed",Mystique,
734,Valry,Caile,vcailekd@umich.edu,Female,24.238.78.108,"Lion, african",Sonoma,
735,Caldwell,Whitelaw,cwhitelawke@addtoany.com,Male,193.251.205.158,"Cardinal, black-throated",98,
736,Alford,Vaudin,avaudinkf@timesonline.co.uk,Male,45.107.106.233,"Bustard, stanley",L-Series,
737,Aurea,Mountfort,amountfortkg@cdbaby.com,Female,118.78.216.109,Horned puffin,Solara,
738,Kendre,Oosthout de Vree,koosthoutdevreekh@geocities.com,Female,22.181.195.105,Red howler monkey,Somerset,
739,Bogey,Widmore,bwidmoreki@fotki.com,Male,186.169.122.211,"Ibis, puna",GranTurismo,
740,Wald,McKeggie,wmckeggiekj@wufoo.com,Male,126.212.98.201,"Tortoise, indian star",Corolla,
741,Garold,McCray,gmccraykk@usnews.com,Male,32.169.123.62,Sally lightfoot crab,Sidekick,
742,Hyman,Ferrino,hferrinokl@loc.gov,Male,59.191.54.93,"Kudu, greater",F150,
743,Lita,Sowten,lsowtenkm@canalblog.com,Female,138.211.232.229,Sociable weaver,Aveo,
744,Corabella,Gianetti,cgianettikn@google.nl,Female,226.209.77.242,"Cockatoo, roseate",CT,
745,Kassey,Traylen,ktraylenko@shinystat.com,Female,210.106.148.148,Yellow-bellied marmot,Silhouette,
746,Whitman,Fewster,wfewsterkp@adobe.com,Male,192.42.85.233,"Alligator, american",SL-Class,
747,Albie,Grouen,agrouenkq@about.me,Male,117.10.100.206,Yellow-crowned night heron,Express 1500,
748,Bjorn,Goosey,bgooseykr@google.de,Male,25.222.130.212,Blue shark,Taurus,
749,Caitlin,Abbatini,cabbatiniks@dailymotion.com,,122.97.209.139,"Hen, sage",Outlook,
750,Parnell,Bearne,pbearnekt@4shared.com,Male,42.160.158.243,"Vulture, egyptian",CL-Class,
751,Patton,Costar,pcostarku@nytimes.com,Male,187.7.61.199,"Corella, long-billed",Grand Vitara,
752,Crystie,Utting,cuttingkv@ameblo.jp,Female,250.48.25.82,Potoroo,Ascender,
753,Pat,Kennet,pkennetkw@moonfruit.com,Female,138.162.244.210,Ring-tailed gecko,9000,
754,Teirtza,Geroldi,tgeroldikx@geocities.jp,Female,141.133.196.133,Malay squirrel (unidentified),Caravan,
755,Alaric,Boucher,aboucherky@cornell.edu,Male,171.109.62.228,Potoroo,Escort,
756,Bell,Hubbis,bhubbiskz@wikimedia.org,Female,236.198.212.247,"Lizard, collared",Brougham,
757,Berenice,Ilyukhov,bilyukhovl0@gnu.org,Female,149.29.97.99,Blue and gold macaw,JX,
758,Noam,Sikorsky,nsikorskyl1@trellian.com,Male,34.233.206.65,Knob-nosed goose,Capri,
759,Ambrosio,Clissold,aclissoldl2@google.com.au,Male,10.194.245.26,Salmon pink bird eater tarantula,F-Series,
760,Arleen,Arni,aarnil3@issuu.com,Female,96.18.229.24,Black-faced kangaroo,LeSabre,
761,Trina,Batchan,tbatchanl4@opensource.org,Female,37.174.19.242,"Gull, southern black-backed",Aztek,
762,Sheffy,Perfect,sperfectl5@storify.com,Male,195.253.237.80,Eastern fox squirrel,Tacoma Xtra,
763,Leah,Ingray,lingrayl6@huffingtonpost.com,Female,161.178.117.191,"Wolf, common",Loyale,
764,Idette,Lipmann,ilipmannl7@jigsy.com,Female,227.84.25.141,"Flicker, field",RX,
765,Eziechiele,Bance,ebancel8@ucoz.ru,Male,38.98.236.147,Striated heron,Cordia,
766,Peirce,Annatt,pannattl9@joomla.org,Male,197.47.33.248,Rufous-collared sparrow,Tahoe,
767,Payton,Gitting,pgittingla@ibm.com,Male,107.236.31.0,"Goose, andean",Town Car,
768,Leesa,Seath,lseathlb@admin.ch,Female,222.34.1.27,"Squirrel, indian giant",Seville,
769,Kris,Fawdrie,kfawdrielc@google.co.jp,Male,4.22.38.228,"Tern, white-winged",Quattro,
770,Boyce,Stonehewer,bstonehewerld@amazon.com,Male,16.168.182.3,Eurasian badger,Eurovan,
771,Eadie,Thalmann,ethalmannle@mediafire.com,,32.176.253.13,Knob-nosed goose,7 Series,
772,Laverne,McPheat,lmcpheatlf@sciencedirect.com,Female,110.157.121.44,"Rhinoceros, square-lipped",Axiom,
773,Ira,Cratchley,icratchleylg@slashdot.org,Male,65.4.246.90,"Lion, steller sea",Durango,
774,Georgie,Shepheard,gshepheardlh@washington.edu,Male,33.35.240.24,"Dragon, komodo",Ram 1500 Club,
775,Atlanta,Flowerden,aflowerdenli@independent.co.uk,Female,66.105.234.203,Grey mouse lemur,MKZ,
776,Malina,Bode,mbodelj@accuweather.com,Female,43.157.196.229,Common pheasant,Grand Prix,
777,Seward,Carwithen,scarwithenlk@weather.com,Male,57.99.149.106,Sarus crane,Maxima,
778,Neddie,Cleyne,ncleynell@sourceforge.net,Male,86.49.25.156,Black curlew,Eclipse,
779,Shandeigh,Dudman,sdudmanlm@vk.com,Female,76.29.55.82,White-winged tern,929,
780,Bili,Sanbroke,bsanbrokeln@pbs.org,Female,136.109.210.6,Brown capuchin,LTD Crown Victoria,
781,Palmer,Quibell,pquibelllo@bravesites.com,Male,207.184.233.243,"Gorilla, western lowland",Town Car,
782,Bill,Agronski,bagronskilp@xing.com,Male,156.81.154.133,"Gecko, barking",Forester,
783,Templeton,Enderlein,tenderleinlq@oaic.gov.au,Male,33.230.56.58,Curve-billed thrasher,Grand Prix,
784,Dolf,Everitt,deverittlr@ed.gov,Male,186.148.174.116,"Owl, snowy",Camaro,
785,Sandie,Catlow,scatlowls@illinois.edu,Female,59.57.242.193,Southern lapwing,Ram 2500,
786,Tonye,Landman,tlandmanlt@ted.com,Female,8.226.152.192,"Lizard, giant girdled",Grand Prix,
787,Leoine,O'Finan,lofinanlu@1688.com,Female,78.188.112.246,"Eagle, golden",NSX,
788,Jamal,Caine,jcainelv@booking.com,Male,84.167.179.109,House crow,Tempo,
789,Nicko,Merryweather,nmerryweatherlw@mozilla.org,Male,37.106.172.204,"Kangaroo, jungle",Econoline E150,
790,Renelle,Milby,rmilbylx@cbslocal.com,Female,143.60.100.33,"Cat, jungle",Caprice Classic,
791,Aretha,Lorrie,alorriely@google.cn,Female,179.170.86.56,"Elk, Wapiti",Lumina,
792,Madlen,Kaaskooper,mkaaskooperlz@yahoo.co.jp,Female,25.246.102.25,Red-legged pademelon,Express 1500,
793,Cristen,Sailor,csailorm0@macromedia.com,Female,240.104.254.92,"Curlew, black",Exige,
794,Jarid,Scroggie,jscroggiem1@alexa.com,Male,8.145.78.213,European red squirrel,Pajero,
795,Alano,Pimbley,apimbleym2@lulu.com,Male,137.196.24.59,Burrowing owl,Viper,
796,Maureen,Gorgen,mgorgenm3@over-blog.com,Female,4.131.156.228,"Fox, grey",V12 Vantage,
797,Lynnelle,Tollemache,ltollemachem4@ucsd.edu,Female,71.38.126.244,"Oryx, beisa",Club Wagon,
798,Cesare,Epine,cepinem5@aboutads.info,Male,47.221.123.152,"Glider, feathertail",SJ,
799,Valentina,Secombe,vsecombem6@paypal.com,Female,145.181.87.103,Black vulture,A8,
800,Deloria,Naisbet,dnaisbetm7@nymag.com,Female,228.79.71.79,"Shark, blue",Five Hundred,
801,Aeriel,Sandiford,asandifordm8@hugedomains.com,Female,33.21.251.121,Roseat flamingo,Park Avenue,
802,Elvin,Pechell,epechellm9@dion.ne.jp,Male,105.140.15.48,"Mongoose, small indian",MPV,
803,Bert,Agett,bagettma@theguardian.com,Female,49.235.53.153,"Rabbit, eastern cottontail",Caprice Classic,
804,Phebe,Stutte,pstuttemb@ehow.com,Female,146.71.237.79,Indian star tortoise,S40,
805,Paolo,Donkersley,pdonkersleymc@qq.com,Male,104.153.42.1,"Weaver, red-billed buffalo",Maxima,
806,Juan,Piper,jpipermd@xinhuanet.com,Male,124.156.142.180,Purple moorhen,57,
807,Georgie,Lapworth,glapworthme@imdb.com,Female,249.216.46.247,"Barbet, black-collared",Range Rover,
808,Vite,Jedrzejewicz,vjedrzejewiczmf@hugedomains.com,Male,166.179.110.8,Snowy sheathbill,Aurora,
809,Wilona,Stredder,wstreddermg@fc2.com,Female,120.158.159.63,Gerenuk,Genesis,
810,Galina,Kamenar,gkamenarmh@tripod.com,Female,111.119.190.142,Praying mantis (unidentified),V8,
811,Harriott,Ackeroyd,hackeroydmi@wikipedia.org,Female,54.39.64.147,"Albatross, waved",Courier,
812,Iris,Ruggieri,iruggierimj@w3.org,Female,252.31.124.61,"Macaw, blue and gold",Eurovan,
813,Ronica,Atack,ratackmk@dailymail.co.uk,Female,142.255.63.255,"Kudu, greater",Express 2500,
814,Tracie,Leyninye,tleyninyeml@moonfruit.com,Female,61.165.12.172,Northern fur seal,F350,
815,Tedmund,Cossans,tcossansmm@nifty.com,Male,130.150.171.131,Savannah deer (unidentified),911,
816,Vicky,Eustace,veustacemn@sohu.com,Female,159.113.131.100,White-throated robin,Grand Prix,
817,Janette,Balmadier,jbalmadiermo@shop-pro.jp,Female,37.39.6.2,"Flamingo, greater",EX,
818,Candy,Vossing,cvossingmp@irs.gov,Female,146.177.15.220,Long-crested hawk eagle,6 Series,
819,Melodie,O'Hickee,mohickeemq@hexun.com,Female,78.95.232.176,Asian water buffalo,Viper,
820,Dougy,Brisker,dbriskermr@myspace.com,Male,52.101.149.217,White-browed owl,S-Type,
821,Allissa,Shama,ashamams@latimes.com,Female,220.18.50.81,Giant otter,Land Cruiser,
822,Bourke,Possa,bpossamt@ifeng.com,Male,253.108.216.99,"Raccoon, common",Mariner,
823,Cari,Wildey,cwildeymu@stanford.edu,Female,62.178.41.182,"Bleu, red-cheeked cordon",57,
824,Carly,Vane,cvanemv@indiegogo.com,Male,81.152.172.41,Cape raven,Boxster,
825,Leighton,Pettwood,lpettwoodmw@ucoz.com,Male,221.184.175.139,Banded mongoose,5 Series,
826,Brynna,Deaves,bdeavesmx@google.com.au,Female,227.98.163.65,"Monitor, white-throated",Range Rover,
827,Antoine,Konerding,akonerdingmy@ucla.edu,Male,222.19.187.230,"Hawk-eagle, crowned",Corvette,
828,Lay,Oldfield,loldfieldmz@mac.com,Male,101.102.137.246,Magellanic penguin,F-350 Super Duty,
829,Rivi,Renehan,rrenehann0@ftc.gov,Female,154.49.216.214,African clawless otter,Mountaineer,
830,Hazel,Scantlebury,hscantleburyn1@reuters.com,Male,183.114.96.22,Common wallaroo,Carens,
831,Lindsy,Spellward,lspellwardn2@ask.com,Female,137.177.151.197,Wild water buffalo,Ranger,
832,Zed,Gillicuddy,zgillicuddyn3@bing.com,Male,145.52.3.216,"Shrew, mandras tree",XG350,
833,Lexi,Cockitt,lcockittn4@goo.ne.jp,Female,203.12.48.97,Indian jackal,Celica,
834,Corny,Kermannes,ckermannesn5@vinaora.com,Male,34.121.127.248,Gray langur,Loyale,
835,Imogene,Bowmaker,ibowmakern6@adobe.com,Female,118.32.154.55,"Dove, galapagos",S10,
836,Winslow,Wortt,wworttn7@shareasale.com,Male,133.191.144.113,Ferruginous hawk,Voyager,
837,Estevan,Jacobssen,ejacobssenn8@example.com,Male,68.153.114.161,Common wallaroo,Frontier,
838,Ainslie,Cauldfield,acauldfieldn9@nymag.com,Female,160.160.9.21,Ring-tailed gecko,CL-Class,
839,Clevie,de Tocqueville,cdetocquevillena@wunderground.com,Male,215.81.252.187,Buttermilk snake,NSX,
840,Hillel,McGurn,hmcgurnnb@facebook.com,Male,42.82.91.123,Blue-footed booby,525,
841,Erny,Febry,efebrync@blogtalkradio.com,Male,145.216.32.135,"Weaver, lesser masked",Explorer Sport Trac,
842,Tami,Potzold,tpotzoldnd@theguardian.com,Female,11.57.37.37,Canadian tiger swallowtail butterfly,Q7,
843,Debbie,Brockest,dbrockestne@about.com,Female,202.151.85.114,"Robin, white-throated",Quest,
844,Tara,Tynemouth,ttynemouthnf@businesswire.com,,172.217.64.52,Gemsbok,Firebird,
845,Kirsten,Kittiman,kkittimanng@bbc.co.uk,Female,35.56.234.111,Green-winged trumpeter,Firebird,
846,Ailene,Windmill,awindmillnh@noaa.gov,Female,150.188.31.68,"Weaver, chestnut",Focus,
847,Any,Dougal,adougalni@i2i.jp,Male,205.206.3.183,Rhesus monkey,Daewoo Lacetti,
848,Ofella,Nerval,onervalnj@nymag.com,,125.120.217.195,"Flamingo, lesser",B-Series Plus,
849,Shirline,Simond,ssimondnk@samsung.com,Female,72.87.151.135,Mourning collared dove,Yaris,
850,Urban,Wallege,uwallegenl@thetimes.co.uk,Male,23.199.3.4,"Duck, white-faced whistling",5 Series,
851,Theo,Tombleson,ttomblesonnm@zdnet.com,Male,4.98.82.114,Sockeye salmon,Forte,
852,Claudia,Chittem,cchittemnn@salon.com,Female,137.118.83.84,"Starling, greater blue-eared",Pajero,
853,Jeromy,Peiser,jpeiserno@reference.com,Male,214.136.52.191,"Baboon, chacma",MKT,
854,North,Flippen,nflippennp@hugedomains.com,Male,163.5.141.225,Eastern cottontail rabbit,G35,
855,Greta,Krolak,gkrolaknq@tuttocitta.it,Female,234.82.69.81,Feral rock pigeon,Fusion,
856,Eddy,Paradise,eparadisenr@cnbc.com,Male,0.218.176.74,Swainson's francolin,Millenia,
857,Nat,Gumm,ngummns@woothemes.com,Male,239.238.60.13,White-fronted bee-eater,CR-V,
858,Sherie,Yuille,syuillent@noaa.gov,Female,219.251.10.241,Turtle (unidentified),645,
859,Christophe,Kinsell,ckinsellnu@tumblr.com,Male,184.202.135.71,Indian red admiral,ES,
860,Modesty,MacAskie,mmacaskienv@nytimes.com,Female,162.158.197.179,Common zebra,RX,
861,Lory,Gazzard,lgazzardnw@zdnet.com,Female,247.102.201.29,Meerkat,L300,
862,Jock,Shemmin,jshemminnx@networkadvertising.org,Male,201.24.147.237,North American porcupine,Dakota,
863,Portie,McIlwaine,pmcilwaineny@unblog.fr,Male,219.27.177.117,"Baboon, savanna",Camaro,
864,Ambur,Berkery,aberkerynz@sitemeter.com,Female,247.35.64.232,Blue waxbill,Colorado,
865,Pauly,Drohane,pdrohaneo0@rediff.com,Male,27.170.248.191,Prairie falcon,Savana 2500,
866,Brucie,Stentiford,bstentifordo1@who.int,Male,108.9.17.234,"Eagle, african fish",Yaris,
867,Jolynn,Lambourn,jlambourno2@shutterfly.com,Female,53.185.3.89,Red-necked wallaby,MKX,
868,Sidney,Bendare,sbendareo3@csmonitor.com,Male,135.79.211.145,Azara's zorro,Esprit Turbo,
869,Stephie,Rosekilly,srosekillyo4@baidu.com,Female,227.117.71.36,Yellow-headed caracara,S-Class,
870,Corrine,Cracknell,ccracknello5@spiegel.de,Female,142.74.86.253,"Snake, carpet",Range Rover Sport,
871,Fritz,Ferbrache,fferbracheo6@jiathis.com,Male,88.196.3.94,Common rhea,H3,
872,Darn,Eckford,deckfordo7@jimdo.com,Male,86.171.66.208,"Phalarope, grey",RL,
873,Shae,Ladd,sladdo8@elegantthemes.com,Male,206.175.35.190,"Polecat, african",Q,
874,Francisca,Gartsyde,fgartsydeo9@aol.com,Female,236.236.5.110,Cape raven,3-Sep,
875,Staci,Gallifont,sgallifontoa@deviantart.com,Female,138.151.71.249,Southern screamer,I,
876,Wilfred,Ardron,wardronob@dmoz.org,Male,44.230.117.48,"Squirrel, eurasian red",4Runner,
877,Elisha,Walshe,ewalsheoc@mit.edu,Female,115.166.81.250,Cormorant (unidentified),Eldorado,
878,Lynna,Danit,ldanitod@mashable.com,Female,180.211.31.251,Great egret,Tiburon,
879,Rhett,Maddox,rmaddoxoe@nifty.com,Male,71.222.223.103,"Wagtail, african pied",Grand Am,
880,Kali,Cockerham,kcockerhamof@oaic.gov.au,Female,61.87.31.63,Malay squirrel (unidentified),TL,
881,Mike,L'Archer,mlarcherog@dion.ne.jp,Male,127.24.217.183,Southern hairy-nosed wombat,S-Type,
882,Kacey,Larkin,klarkinoh@umich.edu,Female,47.146.149.29,Urial,Thunderbird,
883,Morrie,Johanssen,mjohanssenoi@mayoclinic.com,Male,42.225.48.6,Pied butcher bird,F150,
884,Edmund,Slocumb,eslocumboj@nytimes.com,Male,94.204.231.25,Wolf spider,SL-Class,
885,Carmel,Golby,cgolbyok@cdbaby.com,Female,86.32.86.227,American bison,Accord,
886,Al,Cardillo,acardillool@furl.net,Male,20.36.73.80,"Rhinoceros, square-lipped",W123,
887,Earlie,Plak,eplakom@cargocollective.com,,157.143.72.171,Sulfur-crested cockatoo,Veloster,
888,Jaimie,Avraham,javrahamon@java.com,Male,28.61.182.105,"Hyena, spotted",RAV4,
889,Parrnell,Lonsbrough,plonsbroughoo@mozilla.com,Male,173.32.41.28,"Colobus, magistrate black",S40,
890,Hershel,Hackett,hhackettop@simplemachines.org,Male,140.185.64.51,"Mongoose, small indian",Terraza,
891,Sander,Morfield,smorfieldoq@vk.com,Male,62.248.91.166,Bonnet macaque,Continental,
892,Brendis,Widdup,bwiddupor@mlb.com,Male,66.207.246.20,"Dragon, western bearded",V50,
893,Bronson,Senett,bsenettos@sbwire.com,Male,82.28.148.29,"Sheep, red",Tribute,
894,Michaella,Luxton,mluxtonot@google.ru,Female,153.108.209.119,"Bear, grizzly",Mariner,
895,Jewel,De Gregario,jdegregarioou@disqus.com,Female,43.67.7.212,"Hornbill, yellow-billed",XT,
896,Koressa,Spreag,kspreagov@t-online.de,Female,246.240.244.114,Radiated tortoise,Silverado 2500,
897,Nedi,MacRury,nmacruryow@sphinn.com,Female,215.196.137.103,"Eagle, white-bellied sea",Civic Si,
898,Tyrone,McReedy,tmcreedyox@fda.gov,Male,184.24.22.40,Lava gull,E-Series,
899,Dacie,Marnes,dmarnesoy@xrea.com,Female,178.55.66.211,"Frogmouth, tawny",E-Class,
900,Lester,Caldow,lcaldowoz@cbc.ca,Male,241.120.40.216,"Kangaroo, brush-tailed rat",Range Rover,
901,Melvyn,Lawrey,mlawreyp0@usa.gov,Male,253.20.239.18,"Squirrel, arctic ground",Accent,
902,Catherine,Musso,cmussop1@tripod.com,Female,157.21.13.34,Giraffe,Diablo,
903,Una,Burfitt,uburfittp2@umich.edu,Female,42.217.23.81,Jaguar,Town Car,
904,Ada,Farrears,afarrearsp3@histats.com,Female,177.91.240.46,"Vulture, black",Tacoma,
905,Gorden,Kempson,gkempsonp4@ning.com,Male,239.78.198.192,Bonnet macaque,F-Series,
906,Ephrem,Rudiger,erudigerp5@reuters.com,Male,150.65.8.217,"Darter, african",Metro,
907,Malory,Will,mwillp6@vkontakte.ru,,160.232.68.228,Magnificent frigate bird,QX56,
908,Trista,Chilcotte,tchilcottep7@aol.com,Female,186.164.119.197,Blackbuck,Grand Am,
909,Millicent,Brittoner,mbrittonerp8@mashable.com,Female,112.195.119.21,Defassa waterbuck,Town & Country,
910,Gilligan,Troker,gtrokerp9@digg.com,Female,107.101.224.177,Long-crested hawk eagle,C70,
911,Kristos,Abadam,kabadampa@desdev.cn,Male,83.238.43.125,Violet-crested turaco,Reatta,
912,Klement,Pestricke,kpestrickepb@e-recht24.de,Male,160.121.124.116,Black spider monkey,F250,
913,Gideon,Leivers,gleiverspc@disqus.com,Male,248.91.136.64,"Eagle, crowned",Xterra,
914,Marsh,Bernadzki,mbernadzkipd@printfriendly.com,Male,48.186.188.230,Swamp deer,MDX,
915,Cherry,Carden,ccardenpe@addtoany.com,Female,249.252.178.47,"Squirrel, arctic ground",LX,
916,Maddy,Riatt,mriattpf@craigslist.org,Female,208.41.128.193,Llama,Vibe,
917,Stephanie,Propper,spropperpg@51.la,Female,179.107.182.57,"Flamingo, roseat",Pajero,
918,Ellsworth,MacLaig,emaclaigph@guardian.co.uk,Male,121.135.14.142,"Fox, silver-backed",Impala,
919,Karel,Rissen,krissenpi@webnode.com,Female,117.82.104.115,Grey heron,FF,
920,Chad,Gillino,cgillinopj@1und1.de,Female,163.124.153.100,European wild cat,Taurus,
921,Bev,Bate,bbatepk@bizjournals.com,Male,129.109.197.214,"Roller, lilac-breasted",Firebird,
922,Judon,Haugg,jhauggpl@dailymail.co.uk,Male,182.201.153.54,"Legaan, water",Touareg,
923,Faunie,Kase,fkasepm@barnesandnoble.com,Female,112.134.72.175,Indian peacock,GTO,
924,Carmon,Bowle,cbowlepn@hhs.gov,Female,143.254.205.58,"Capuchin, weeper",Legend,
925,Dora,Bantham,dbanthampo@cmu.edu,Female,192.219.193.16,"Sandgrouse, yellow-throated",Esprit,
926,Nevile,Rumming,nrummingpp@google.es,Male,67.46.44.147,"Rattlesnake, dusky",Sierra,
927,Brok,Skamell,bskamellpq@wikispaces.com,Male,113.156.248.91,"Rabbit, eastern cottontail",Swift,
928,Nara,Newsham,nnewshampr@blog.com,Female,188.101.64.227,"Macaw, blue and gold",Santa Fe,
929,Marita,Mucillo,mmucillops@harvard.edu,,159.12.118.213,Black-tailed deer,Santa Fe,
930,Ninon,Kellart,nkellartpt@abc.net.au,Female,172.159.209.144,"Bandicoot, long-nosed",Rapide,
931,Somerset,Sprankling,sspranklingpu@latimes.com,Male,4.201.178.82,"Jackal, golden",Clubman,
932,Camey,Redmore,credmorepv@vkontakte.ru,Male,139.32.161.105,"Lion, mountain",Monte Carlo,
933,Herrick,Radbourne,hradbournepw@ocn.ne.jp,Male,182.238.83.59,Blackbuck,Q5,
934,Edik,Molines,emolinespx@army.mil,Male,252.99.206.129,"Kangaroo, eastern grey",330,
935,Dominick,Duffer,ddufferpy@netvibes.com,Male,116.5.60.93,Python (unidentified),XK Series,
936,Hilarius,Wallentin,hwallentinpz@nature.com,Male,245.228.37.233,Chameleon (unidentified),Grand Cherokee,
937,Emmerich,Aspell,easpellq0@is.gd,Male,0.71.237.51,Magellanic penguin,Range Rover Sport,
938,Darryl,Nys,dnysq1@elegantthemes.com,Male,14.160.213.102,Salmon pink bird eater tarantula,XL-7,
939,Ban,Bellay,bbellayq2@csmonitor.com,Male,211.150.232.9,Red-breasted nuthatch,240SX,
940,Jaquelin,Franzke,jfranzkeq3@tuttocitta.it,Female,246.233.103.74,"Chipmunk, least",LTD Crown Victoria,
941,Jamison,Snoad,jsnoadq4@rediff.com,Male,54.141.31.251,Golden-mantled ground squirrel,Envoy,
942,Port,Rayer,prayerq5@posterous.com,Male,205.21.247.9,"Legaan, ground",Xterra,
943,Irina,Lehenmann,ilehenmannq6@homestead.com,Female,114.175.56.70,"Woodpecker, red-headed",Dakota Club,
944,Aubry,Mannix,amannixq7@theglobeandmail.com,Female,237.8.6.249,Red-billed tropic bird,Econoline E350,
945,Lorrie,Luxon,lluxonq8@rediff.com,Female,216.146.123.79,"Bear, polar",57,
946,Rusty,Todeo,rtodeoq9@ftc.gov,Male,64.169.70.141,"Shelduck, european",Venza,
947,Gizela,Pigdon,gpigdonqa@tumblr.com,Female,183.145.123.245,Thirteen-lined squirrel,CR-V,
948,Leonelle,Stockell,lstockellqb@narod.ru,Female,191.218.213.123,California sea lion,Yukon XL 1500,
949,Phil,Wakes,pwakesqc@twitter.com,Female,131.86.163.105,Weeper capuchin,Firebird,
950,Asher,Finlason,afinlasonqd@amazon.com,Male,222.148.108.205,"Grenadier, purple",Express 1500,
951,Nigel,Dufoure,ndufoureqe@g.co,Male,112.93.153.253,Groundhog,NSX,
952,Dur,Lindhe,dlindheqf@paginegialle.it,Male,115.141.92.69,"Legaan, water",Express 3500,
953,Bertrand,England,benglandqg@apple.com,Male,53.112.180.210,"Dove, emerald-spotted wood",Neon,
954,Elaine,Waud,ewaudqh@tripadvisor.com,Female,254.120.160.137,"Kingfisher, malachite",TT,
955,Lindy,Schorah,lschorahqi@sbwire.com,Male,168.246.2.131,"Hyena, spotted",S-Class,
956,Cristine,Balding,cbaldingqj@aboutads.info,Female,13.144.46.161,"Plover, three-banded",LeSabre,
957,Xylia,Harriskine,xharriskineqk@china.com.cn,Female,102.81.247.69,Tammar wallaby,Savana 1500,
958,Dena,Habron,dhabronql@google.com.hk,Female,111.114.116.54,"Magpie, black-backed",R8,
959,Nappy,Housam,nhousamqm@ca.gov,Male,80.39.92.146,Least chipmunk,Voyager,
960,Corbet,Thyer,cthyerqn@posterous.com,Male,105.163.54.112,"Rabbit, eastern cottontail",Savana 3500,
961,Cheri,Heiner,cheinerqo@blog.com,Female,166.75.222.100,Feral rock pigeon,Compass,
962,Peggie,Cattermoul,pcattermoulqp@ucsd.edu,Female,45.177.201.159,"Mongoose, small indian",Fox,
963,Gustie,Staff,gstaffqq@paginegialle.it,Female,188.215.146.244,Southern screamer,Galant,
964,Lucho,Skipton,lskiptonqr@sourceforge.net,Male,88.168.102.186,"Hawk, ferruginous",Cabriolet,
965,Judah,Jeness,jjenessqs@arizona.edu,Male,148.159.253.40,"Whale, southern right",Silverado 2500,
966,Bram,Wayman,bwaymanqt@clickbank.net,Male,19.227.95.76,"Dragon, western bearded",G6,
967,Vera,Chupin,vchupinqu@vkontakte.ru,Female,78.28.93.213,Adouri (unidentified),E-Series,
968,Johnathan,Conws,jconwsqv@netscape.com,Male,14.98.135.218,African red-eyed bulbul,Tahoe,
969,Washington,Barth,wbarthqw@yellowbook.com,Male,96.11.221.183,Short-nosed bandicoot,Trans Sport,
970,Micky,McGlashan,mmcglashanqx@friendfeed.com,Male,106.9.144.49,Sacred ibis,Discovery,
971,Jeralee,Lacase,jlacaseqy@topsy.com,Female,204.163.67.21,"Falcon, peregrine",Express 1500,
972,Michele,Lettsom,mlettsomqz@com.com,Female,252.168.58.47,Red-breasted nuthatch,Riviera,
973,Rosy,Fesby,rfesbyr0@paginegialle.it,Female,70.166.177.145,"Fox, pampa gray",Mazda6,
974,Brianne,Fontes,bfontesr1@cnet.com,Female,67.200.62.218,"Weaver, white-browed sparrow",Fleetwood,
975,Rorke,Watkin,rwatkinr2@prnewswire.com,Male,221.119.121.58,"Anteater, giant",Coachbuilder,
976,Latia,Bollini,lbollinir3@amazon.co.jp,Female,112.40.99.16,"Kangaroo, brush-tailed rat",Talon,
977,Kimball,Medgwick,kmedgwickr4@goo.ne.jp,Male,178.47.124.112,Sidewinder,IS,
978,Agatha,Calvard,acalvardr5@statcounter.com,Female,200.2.156.223,"Wildebeest, blue",Jimmy,
979,August,Conniam,aconniamr6@chicagotribune.com,Male,54.142.66.146,"Grouse, greater sage",Fairlane,
980,Rolph,Horwell,rhorwellr7@skype.com,Male,138.187.142.191,Lizard (unidentified),SL-Class,
981,Gill,Roarty,groartyr8@tuttocitta.it,Female,221.133.111.95,Brazilian otter,612 Scaglietti,
982,Marcus,Corrett,mcorrettr9@ycombinator.com,Male,144.133.131.19,"Grenadier, common",Durango,
983,Jaquith,Foat,jfoatra@tiny.cc,Female,194.224.81.156,"Penguin, little blue",Outback,
984,Shelli,Gatherer,sgathererrb@si.edu,Female,110.31.181.50,Brown antechinus,Passat,
985,Agosto,Abdee,aabdeerc@deviantart.com,Male,32.156.220.106,Springbuck,Civic,
986,Lanie,Schofield,lschofieldrd@google.es,Male,200.45.111.49,Yellow-headed caracara,ES,
987,Genia,Hansana,ghansanare@nbcnews.com,Female,17.249.196.36,"Gull, kelp",STS-V,
988,Marguerite,Rowes,mrowesrf@sphinn.com,Female,199.13.219.88,Currasow (unidentified),Corolla,
989,Elfrida,Tolworthy,etolworthyrg@privacy.gov.au,Female,224.215.62.13,"Monkey, bleeding heart",Azera,
990,Karlyn,Sterndale,ksterndalerh@zimbio.com,Female,10.51.171.205,Kalahari scrub robin,Discovery,
991,Nathalia,Cornewall,ncornewallri@bbc.co.uk,Female,47.254.83.189,Fork-tailed drongo,Seville,
992,Mel,Jeakins,mjeakinsrj@pinterest.com,Male,183.49.179.118,"Shrike, common boubou",Navigator,
993,Derrick,Dametti,ddamettirk@google.com.au,Male,156.244.5.11,Rhesus monkey,Truck,
994,Julia,Curado,jcuradorl@blog.com,Female,151.64.107.19,Indian leopard,Eurovan,
995,Hersh,Floyd,hfloydrm@usa.gov,Male,89.185.37.207,Red-billed tropic bird,6000,
996,Hy,Ivankin,hivankinrn@yolasite.com,Male,58.48.94.250,Prehensile-tailed porcupine,Suburban 1500,
997,Nicole,Shears,nshearsro@google.es,Female,78.211.132.83,"Egret, cattle",LTD Crown Victoria,
998,Klarrisa,Zisneros,kzisnerosrp@senate.gov,Female,215.115.140.132,Greater sage grouse,XLR,
999,Miquela,Maghull,mmaghullrq@answers.com,Female,67.57.190.203,"Mongoose, yellow",DB9,
1000,Lorne,Josefsohn,ljosefsohnrr@ebay.com,Male,161.233.97.94,Common rhea,GTO,